Horizontal Bin Start [mm],Horizontal Bin End [mm],Vertical Bin Start [mm],Vertical Bin End [mm],Mean PEs,Langau PEs,RMS Over Mean,Resolution, Theta Fit Param p0,Theta Fit Param p1,Theta Fit param p2,Theta Fit param p3,Theta Fit param p4
-106.5,-105,0,5,27.0152,24.4656,24.7535,18.3648,26.5096,2.53045,-1.5115,-0.102,0.0535758
-106.5,-105,5,10,27.7241,24.9748,25.6158,18.6867,27.011,2.38156,-1.61806,-0.111935,0.0601809
-106.5,-105,10,15,28.9161,26.0593,26.5735,18.0653,27.4339,2.16209,-1.90836,-0.104875,0.0763281
-106.5,-105,15,20,29.218,26.4848,24.7669,16.9958,27.4837,1.77511,-2.06719,-0.0874215,0.086072
-106.5,-105,20,25,29.5207,26.8329,24.4492,18.2775,27.5276,1.29764,-2.17473,-0.0570165,0.0934692
-106.5,-105,25,30,29.2222,26.4028,25.1218,17.4166,27.0584,0.96378,-1.99086,-0.0348796,0.0849662
-106.5,-105,30,35,28.1353,25.7673,26.6297,19.2245,26.6971,1.0813,-1.7004,-0.0355875,0.0697374
-106.5,-105,35,40,27.4534,24.9632,25.1033,18.364,26.4565,1.34523,-1.47006,-0.0400834,0.0574798
-106.5,-105,40,45,27.041,24.2424,25.3601,17.8283,26.3139,1.8288,-1.29317,-0.0663604,0.047056
-106.5,-105,45,50,27.3505,24.9936,26.249,18.7898,26.7003,2.25777,-1.34617,-0.0977936,0.0489942
-106.5,-105,50,55,28.6249,26.0436,25.7163,18.7195,27.6271,2.3185,-1.66584,-0.114355,0.0635134
-106.5,-105,55,60,29.7287,27.3512,24.4574,18.4689,27.9642,2.06023,-1.90155,-0.112125,0.0751427
-106.5,-105,60,65,29.9256,27.2608,24.3536,16.7831,28.0325,1.5444,-2.0983,-0.0876477,0.0852123
-106.5,-105,65,70,30.1503,27.0198,26.4719,17.4239,28.1642,0.970528,-2.23097,-0.0579006,0.0926226
-106.5,-105,70,75,28.8917,26.1408,27.4599,18.984,27.0689,0.528142,-1.94068,-0.0216636,0.0794365
-106.5,-105,75,80,27.5436,24.8446,26.1729,18.7992,26.334,0.537292,-1.62366,-0.0100188,0.0649474
-106.5,-105,80,85,27.0104,24.3086,25.8612,18.6892,26.1149,0.904344,-1.42354,-0.021331,0.0552724
-106.5,-105,85,90,27.1152,24.7873,26.2407,18.7148,26.2916,1.5807,-1.3344,-0.0602058,0.0523939
-106.5,-105,90,95,27.8485,25.1776,25.1756,18.1939,26.9892,2.24363,-1.38597,-0.105841,0.0529405
-106.5,-105,95,100,30.0114,26.8972,25.4929,17.5192,28.3879,2.33731,-1.79672,-0.121392,0.072153
-106.5,-105,100,105,30.2061,27.6649,24.4104,16.9503,28.6821,1.92699,-1.99758,-0.109739,0.0809132
-106.5,-105,105,110,30.8541,28.1545,25.9679,18.0544,28.9059,1.38057,-2.12658,-0.0799308,0.0852679
-106.5,-105,110,115,30.349,27.8695,25.3754,17.8399,28.6974,0.626083,-2.2271,-0.037249,0.0901844
-106.5,-105,115,120,28.4365,25.1622,25.9425,17.119,27.1826,-0.0474183,-1.91096,0.00667895,0.0761085
-106.5,-105,120,125,23.3947,20.2859,31.0042,21.9316,22.6347,-0.403122,-1.45283,0.028967,0.0575771
-106.5,-105,125,130,15.0584,12.2773,34.0573,27.2409,14.8371,-0.708074,-0.848746,0.0409995,0.0334907
-106.5,-105,130,135,8.16656,5.78277,45.4342,43.6077,7.85611,-0.705679,-0.331177,0.0351589,0.0120385
-106.5,-105,135,140,2.53185,0,76.1424,0,2.47059,-0.301629,0.00167365,0.0104031,-0.000594303
-105,-100,0,5,27.4133,24.5399,26.3324,18.3801,26.8519,2.52429,-1.54603,-0.101601,0.0544967
-105,-100,5,10,27.9427,24.9658,26.0172,18.3333,27.2871,2.36053,-1.66844,-0.108055,0.0626767
-105,-100,10,15,28.9781,26.0739,25.7734,17.8747,27.5752,2.15741,-1.88622,-0.103765,0.0743535
-105,-100,15,20,29.8024,26.8188,26.2605,18.4178,27.816,1.7742,-2.12331,-0.0864476,0.0882402
-105,-100,20,25,29.9464,27.016,26.1181,18.3937,27.773,1.32864,-2.18195,-0.0612044,0.0931967
-105,-100,25,30,29.2948,26.3887,26.7933,18.8512,27.272,1.04849,-1.99097,-0.0394469,0.0849287
-105,-100,30,35,28.2128,25.1843,26.4807,18.2695,26.8233,1.05746,-1.73375,-0.0322629,0.0712957
-105,-100,35,40,27.4361,24.4994,26.5329,18.3014,26.5046,1.30055,-1.46317,-0.0368433,0.0574518
-105,-100,40,45,27.1068,24.4433,25.8247,19.0779,26.3976,1.80554,-1.28607,-0.0649977,0.046927
-105,-100,45,50,27.465,24.6389,26.4296,18.4858,26.7697,2.25492,-1.33506,-0.0979945,0.0478018
-105,-100,50,55,28.7333,25.7575,25.7519,17.8522,27.5718,2.28092,-1.62829,-0.110271,0.0617109
-105,-100,55,60,29.6097,26.8004,25.5129,17.8673,27.8452,2.04817,-1.88596,-0.108493,0.0747745
-105,-100,60,65,30.0323,27.1556,25.5578,17.5609,28.0464,1.57241,-2.06839,-0.0906993,0.0836703
-105,-100,65,70,29.8374,26.7267,26.1211,18.068,27.8707,0.966388,-2.14962,-0.0551703,0.0888281
-105,-100,70,75,28.7306,25.6908,26.9165,18.4822,27.0097,0.517955,-1.94956,-0.0191953,0.0801872
-105,-100,75,80,27.4429,24.4342,26.5464,18.3476,26.2767,0.587692,-1.6328,-0.0120886,0.065208
-105,-100,80,85,26.8622,23.9287,27.5051,19.6346,25.9489,0.948063,-1.44158,-0.0242349,0.0569903
-105,-100,85,90,26.7005,24.0187,26.3393,19.5398,25.7566,1.53713,-1.2802,-0.0570219,0.0502621
-105,-100,90,95,27.2928,24.5275,26.3352,18.9736,26.3861,2.13622,-1.35195,-0.0991429,0.0523648
-105,-100,95,100,28.9967,26.0159,26.135,18.347,27.4953,2.24513,-1.7255,-0.116633,0.0696427
-105,-100,100,105,29.1737,26.4868,25.7651,18.6085,27.551,1.9147,-1.88496,-0.105502,0.0768748
-105,-100,105,110,29.6469,26.7369,26.1574,18.5779,27.7982,1.36293,-2.05711,-0.0778157,0.0834721
-105,-100,110,115,28.935,25.6748,26.2196,17.3828,27.3711,0.707084,-2.08688,-0.040604,0.0851208
-105,-100,115,120,27.4714,24.1012,28.3764,18.8539,26.0697,0.0585592,-1.81961,0.0034553,0.0731664
-105,-100,120,125,22.6457,19.2245,32.8093,22.4971,21.7764,-0.183977,-1.38262,0.0169341,0.0549016
-105,-100,125,130,14.5878,12.9995,35.1763,33.8112,14.2047,-0.555136,-0.793798,0.0325684,0.0312071
-105,-100,130,135,7.793,5.89455,45.2379,25.806,7.56456,-0.580664,-0.302377,0.028253,0.0107167
-105,-100,135,140,2.47201,0,77.0604,0,2.43899,-0.274336,0.00455283,0.00914014,-0.00103633
-100,-95,0,5,26.7918,24.0623,26.2579,18.9955,26.2636,2.46352,-1.48782,-0.0992012,0.0521688
-100,-95,5,10,27.5356,24.7784,26.6265,19.1638,26.7917,2.35123,-1.61631,-0.10974,0.060226
-100,-95,10,15,28.5477,25.497,26.2321,18.0662,27.0993,2.17593,-1.83527,-0.107637,0.071864
-100,-95,15,20,29.0301,26.0813,26.0629,18.3526,27.1808,1.77727,-2.03315,-0.087026,0.0839244
-100,-95,20,25,29.2416,26.2539,26.1829,18.2438,27.151,1.25834,-2.10574,-0.0549803,0.089523
-100,-95,25,30,28.5642,25.761,26.2706,19.0143,26.7154,0.963092,-1.93873,-0.0331406,0.0826766
-100,-95,30,35,27.7933,24.6848,26.9569,18.1269,26.3171,1.06572,-1.70334,-0.0327425,0.0705071
-100,-95,35,40,27.0121,24.0682,26.8897,18.7759,26.1006,1.28556,-1.47214,-0.0361155,0.0580895
-100,-95,40,45,26.6162,23.874,26.1755,19.5728,25.921,1.76531,-1.29667,-0.0629753,0.0482578
-100,-95,45,50,26.9365,24.1329,26.2296,18.5967,26.2795,2.19914,-1.33458,-0.0952668,0.0486722
-100,-95,50,55,28.0422,24.8454,25.7683,17.5175,26.9787,2.3028,-1.60153,-0.1125,0.0613173
-100,-95,55,60,28.8772,26.0379,26.481,18.9394,27.2305,2.02361,-1.83014,-0.106257,0.0724289
-100,-95,60,65,29.2464,26.1238,26.4059,17.9167,27.3826,1.5848,-1.99755,-0.0902275,0.0807187
-100,-95,65,70,29.166,26.1975,26.0282,18.282,27.2667,0.971075,-2.09099,-0.0538542,0.08639
-100,-95,70,75,28.1265,25.1526,27.2707,18.8205,26.3495,0.49968,-1.8804,-0.0168494,0.0775757
-100,-95,75,80,26.8199,23.9012,27.2248,18.9754,25.6729,0.538199,-1.60184,-0.00989184,0.0645971
-100,-95,80,85,26.0326,23.1391,27.0203,18.8811,25.1436,0.886918,-1.37488,-0.0225227,0.0543798
-100,-95,85,90,25.8484,23.2707,26.5777,19.8313,24.9226,1.45303,-1.23577,-0.0538895,0.0482965
-100,-95,90,95,26.2362,23.4051,25.9532,18.4898,25.3203,2.06508,-1.29353,-0.0964439,0.0505152
-100,-95,95,100,27.8342,24.9287,27.2235,19.0222,26.3358,2.18299,-1.64513,-0.112754,0.0667095
-100,-95,100,105,28.2094,25.1554,26.4519,18.1355,26.5637,1.83729,-1.80569,-0.102076,0.0736486
-100,-95,105,110,28.6543,25.537,26.4553,18.2925,26.9155,1.34291,-1.96117,-0.0762377,0.079482
-100,-95,110,115,28.385,25.0917,26.872,17.865,26.834,0.673374,-2.02725,-0.0362252,0.0824861
-100,-95,115,120,27.1845,23.9698,28.2682,19.4208,25.75,0.117048,-1.77202,-0.00109394,0.0708532
-100,-95,120,125,22.3757,19.2456,32.1266,22.7024,21.5433,-0.169737,-1.32885,0.015586,0.0517522
-100,-95,125,130,14.6212,11.7549,36.6371,24.7428,14.2959,-0.516817,-0.800452,0.0299093,0.0312364
-100,-95,130,135,7.85694,5.79748,46.5821,52.258,7.54738,-0.588389,-0.286589,0.0280511,0.00962486
-100,-95,135,140,2.51362,0,77.2574,0,2.46328,-0.278335,0.00247193,0.0091036,-0.00103468
-95,-90,0,5,26.4705,23.7393,26.4381,19.5587,25.9453,2.36084,-1.47698,-0.0947359,0.0517565
-95,-90,5,10,27.0315,24.0248,26.2819,18.3482,26.3565,2.24454,-1.59169,-0.10284,0.0595689
-95,-90,10,15,28.0843,24.9958,26.7569,18.2519,26.7616,2.09383,-1.82351,-0.102354,0.0717648
-95,-90,15,20,28.5509,25.7674,26.6344,18.6736,26.7573,1.72273,-1.97351,-0.0843805,0.0811399
-95,-90,20,25,28.6559,25.4144,26.1469,17.4345,26.7551,1.24777,-2.06303,-0.0565161,0.087771
-95,-90,25,30,28.306,25.2861,26.5035,18.4637,26.3622,0.955594,-1.90924,-0.034231,0.0814638
-95,-90,30,35,27.446,24.1358,27.3051,17.7495,25.9673,0.919067,-1.68707,-0.0241584,0.0703231
-95,-90,35,40,26.4335,23.3746,27.2242,18.566,25.5231,1.17477,-1.40289,-0.0304236,0.0555499
-95,-90,40,45,26.1382,23.2385,26.5412,18.9286,25.4173,1.64122,-1.24168,-0.0572696,0.0459649
-95,-90,45,50,26.3328,23.6107,26.8533,19.7208,25.6064,2.05838,-1.27345,-0.0881302,0.0463119
-95,-90,50,55,27.2866,24.447,26.3374,18.7244,26.2454,2.19169,-1.56291,-0.107602,0.0606971
-95,-90,55,60,27.9847,24.8438,26.3014,17.7638,26.4339,1.92813,-1.76697,-0.102025,0.0703828
-95,-90,60,65,28.4421,25.4664,26.7989,18.7206,26.6206,1.50493,-1.95184,-0.0858669,0.0793658
-95,-90,65,70,28.0786,25.3773,26.636,18.8274,26.3603,0.964022,-1.9963,-0.052418,0.082582
-95,-90,70,75,27.3198,24.5769,27.192,19.4624,25.601,0.547551,-1.82986,-0.019353,0.0755972
-95,-90,75,80,25.9865,23.1199,27.1313,18.7596,24.9186,0.561692,-1.56052,-0.00943535,0.0632241
-95,-90,80,85,25.6615,22.8682,27.3858,19.8891,24.6739,0.936942,-1.36825,-0.0260375,0.0540294
-95,-90,85,90,25.2891,22.4178,26.5303,19.2417,24.3883,1.43345,-1.18203,-0.0516097,0.045873
-95,-90,90,95,26.0344,23.3067,27.405,19.5143,25.0858,2.04614,-1.26017,-0.0958033,0.0483175
-95,-90,95,100,27.7573,17.7956,27.364,40.0674,26.3241,2.16743,-1.63291,-0.112997,0.0656539
-95,-90,100,105,28.1786,25.1862,26.1216,18.1817,26.5786,1.83116,-1.80599,-0.101108,0.0738573
-95,-90,105,110,28.4894,25.7642,26.0186,19.1686,26.9122,1.31662,-1.95132,-0.0745596,0.0791263
-95,-90,110,115,28.3743,25.239,26.977,18.2043,26.7769,0.636937,-1.99511,-0.0358215,0.0806845
-95,-90,115,120,26.9226,23.7458,29.0407,19.6553,25.7172,0.0885214,-1.75245,-0.000134859,0.0695909
-95,-90,120,125,22.3116,18.9243,32.1091,21.8021,21.4673,-0.171848,-1.29991,0.0149002,0.0506084
-95,-90,125,130,14.6112,12.5325,35.8582,32.707,14.2595,-0.528277,-0.78905,0.0302424,0.0304908
-95,-90,130,135,7.7564,6.15897,44.8548,54.3467,7.49726,-0.610868,-0.271402,0.0297299,0.00912265
-95,-90,135,140,2.51103,0,78.3785,0,2.48165,-0.275518,-0.000981407,0.00906124,-0.000724549
-90,-85,0,5,26.0368,23.2198,26.9816,19.1395,25.7261,2.34519,-1.41858,-0.0938358,0.0491861
-90,-85,5,10,26.7304,23.7276,27.2388,19.0674,26.09,2.24736,-1.53668,-0.105619,0.0572246
-90,-85,10,15,27.7012,24.5818,27.4034,18.1781,26.3687,2.03363,-1.74642,-0.0996097,0.0679647
-90,-85,15,20,28.1294,25.0784,25.7202,17.4677,26.4401,1.70767,-1.93466,-0.0849843,0.0796887
-90,-85,20,25,28.1727,25.0038,25.5822,17.2354,26.2829,1.22779,-1.98564,-0.0557285,0.0840698
-90,-85,25,30,27.7387,24.8035,26.3937,18.5587,25.8777,0.925639,-1.84771,-0.0345284,0.0783513
-90,-85,30,35,26.883,24.1221,26.7951,19.1186,25.5115,0.926107,-1.6432,-0.0271939,0.0682553
-90,-85,35,40,26.0842,23.5264,26.5166,19.5813,25.188,1.11767,-1.4144,-0.030098,0.0558456
-90,-85,40,45,25.7212,22.7916,27.2174,19.2854,25.0289,1.56191,-1.2755,-0.0541708,0.0481392
-90,-85,45,50,25.9256,23.2042,27.5541,19.876,25.1911,2.02954,-1.29426,-0.0875683,0.0478195
-90,-85,50,55,26.8155,23.8886,26.2235,18.5326,25.7782,2.10893,-1.54219,-0.103102,0.0598242
-90,-85,55,60,27.4919,24.9746,26.5487,19.6202,25.993,1.85743,-1.75693,-0.0982182,0.0703639
-90,-85,60,65,27.7929,24.9814,26.4563,18.594,26.118,1.47195,-1.90672,-0.0826577,0.0775609
-90,-85,65,70,27.623,24.5264,25.9445,18.0533,25.9572,0.899835,-1.95728,-0.049053,0.0807972
-90,-85,70,75,26.8783,23.867,27.1973,18.4217,25.2821,0.479016,-1.79424,-0.0148918,0.0739307
-90,-85,75,80,25.7702,22.9189,27.5058,19.4569,24.6669,0.533171,-1.52699,-0.00888384,0.0612493
-90,-85,80,85,25.2831,22.4905,26.7214,19.2914,24.4264,0.9197,-1.33644,-0.0245938,0.0526293
-90,-85,85,90,25.2463,22.4474,26.9159,19.8157,24.4016,1.37601,-1.19337,-0.0499343,0.0465481
-90,-85,90,95,26.0434,23.0432,27.2027,19.3043,25.12,2.01436,-1.29168,-0.0942752,0.0501838
-90,-85,95,100,27.522,24.3273,26.3452,17.6901,26.152,2.08779,-1.58857,-0.107593,0.0633482
-90,-85,100,105,28.0933,25.2014,26.0934,18.1126,26.5259,1.81157,-1.79165,-0.102017,0.0728585
-90,-85,105,110,28.5966,25.5151,26.4759,18.1983,26.916,1.33125,-1.94374,-0.0761837,0.0781947
-90,-85,110,115,28.4123,25.1477,27.392,18.6635,26.8193,0.595697,-1.99838,-0.0332827,0.080573
-90,-85,115,120,26.9031,23.4352,28.1279,18.8261,25.6138,0.074525,-1.73088,0.000385454,0.0685915
-90,-85,120,125,22.2272,19.1196,31.8766,23.3953,21.4149,-0.204203,-1.26751,0.0160299,0.0484095
-90,-85,125,130,14.5115,11.9704,35.7621,29.2542,14.1786,-0.550232,-0.743843,0.0311054,0.0278779
-90,-85,130,135,7.8316,5.69116,45.7825,39.1587,7.55539,-0.615667,-0.263314,0.029228,0.00831423
-90,-85,135,140,2.49681,0,77.2947,0,2.48204,-0.268934,0.00593863,0.00834203,-0.00122955
-85,-80,0,5,25.6404,22.9834,26.7123,19.571,25.1278,2.3172,-1.361,-0.0938151,0.0474786
-85,-80,5,10,26.2115,23.6253,26.4181,19.8882,25.5701,2.16921,-1.50055,-0.101034,0.056055
-85,-80,10,15,27.0874,24.0476,27.8671,18.6654,25.8323,2.00702,-1.7033,-0.097144,0.0672261
-85,-80,15,20,27.7447,24.708,26.9417,18.8519,26.0318,1.69608,-1.91033,-0.0837691,0.0789499
-85,-80,20,25,27.7229,24.7395,26.5291,17.832,25.9393,1.22316,-1.98644,-0.0542565,0.0852355
-85,-80,25,30,27.3987,24.3764,26.885,17.9149,25.5211,0.889448,-1.83661,-0.0302315,0.0784786
-85,-80,30,35,26.5032,23.6365,27.4909,18.9744,25.2168,0.941983,-1.62016,-0.0269053,0.0671683
-85,-80,35,40,25.7231,22.8589,27.7057,19.3087,24.8141,1.12172,-1.38024,-0.0285455,0.0552637
-85,-80,40,45,25.4297,22.4852,26.9651,18.8392,24.7755,1.56438,-1.24936,-0.054926,0.046905
-85,-80,45,50,25.8069,22.8865,27.4844,19.3467,25.0493,1.93127,-1.29341,-0.0817802,0.0480281
-85,-80,50,55,26.6204,23.6294,27.2473,18.6497,25.6217,2.04297,-1.5152,-0.100442,0.0581967
-85,-80,55,60,27.3463,24.3972,27.1532,19.0881,25.8465,1.81809,-1.75026,-0.0960868,0.0704134
-85,-80,60,65,27.7326,24.7596,26.7191,18.2284,26.0611,1.43753,-1.91426,-0.0813896,0.0783797
-85,-80,65,70,27.7623,24.9266,27.0992,19.3355,26.0483,0.86076,-1.98575,-0.048282,0.082184
-85,-80,70,75,26.7576,23.7651,26.8893,18.3049,25.2444,0.442614,-1.80196,-0.0157492,0.0744634
-85,-80,75,80,25.6457,22.9102,27.6809,19.5988,24.603,0.516832,-1.49637,-0.00875639,0.0595036
-85,-80,80,85,25.2892,22.642,27.3269,20.2855,24.4412,0.86909,-1.34454,-0.0228387,0.0532245
-85,-80,85,90,25.3056,22.4838,26.7369,19.422,24.4015,1.3553,-1.19885,-0.0490727,0.0464186
-85,-80,90,95,25.9387,23.0242,27.0958,19.5827,24.9885,1.98226,-1.24721,-0.0928568,0.0477202
-85,-80,95,100,27.5323,24.7116,27.2015,19.3977,26.2093,2.08611,-1.60189,-0.109166,0.0644114
-85,-80,100,105,28.1713,25.2762,26.2352,18.6129,26.56,1.75491,-1.78915,-0.0968753,0.0728207
-85,-80,105,110,28.6187,25.7883,26.0533,18.7283,26.9775,1.28994,-1.95036,-0.0734154,0.079174
-85,-80,110,115,28.2989,25.1923,26.4976,18.0974,26.7478,0.555224,-1.97031,-0.0312127,0.0793456
-85,-80,115,120,27.0221,23.6388,29.1954,18.4393,25.6931,0.0015741,-1.72269,0.00495615,0.0676606
-85,-80,120,125,22.2302,19.0086,31.825,22.6213,21.4139,-0.242023,-1.28195,0.0183221,0.0493725
-85,-80,125,130,14.6207,12.0063,34.8667,26.6841,14.2562,-0.523963,-0.767817,0.0284359,0.0289524
-85,-80,130,135,7.793,6.00439,44.7257,56.4408,7.54865,-0.600615,-0.26159,0.0284512,0.00830078
-85,-80,135,140,2.54028,0,76.7237,0,2.50636,-0.273793,0.00514799,0.0085721,-0.00110579
-80,-75,0,5,25.1008,22.3581,26.8486,19.3909,24.6856,2.23377,-1.34295,-0.0897838,0.0469433
-80,-75,5,10,25.8838,23.1346,27.5041,19.4087,25.1966,2.07646,-1.49758,-0.0955733,0.0566384
-80,-75,10,15,26.4573,23.898,26.304,19.4379,25.3791,1.93889,-1.65831,-0.0931919,0.0653668
-80,-75,15,20,27.0596,24.3637,26.7275,19.6712,25.4994,1.61997,-1.84654,-0.0785941,0.0762529
-80,-75,20,25,27.1536,24.3832,26.8168,19.1563,25.4672,1.146,-1.90069,-0.0497635,0.0809057
-80,-75,25,30,26.8226,24.0561,26.6432,18.5489,25.1063,0.836484,-1.75713,-0.0290468,0.0746126
-80,-75,30,35,26.045,23.1661,27.2565,19.8112,24.7805,0.871813,-1.54514,-0.0227837,0.0636072
-80,-75,35,40,25.3864,22.5111,26.61,19.566,24.5111,1.11357,-1.32847,-0.0298546,0.0525311
-80,-75,40,45,25.1706,22.4145,27.2146,19.7683,24.5223,1.57458,-1.16997,-0.0553853,0.0428588
-80,-75,45,50,25.4412,22.9614,26.9956,20.2684,24.8639,1.96967,-1.23369,-0.0845361,0.0447476
-80,-75,50,55,26.6393,23.6514,27.6744,18.8582,25.5985,2.11601,-1.51538,-0.103581,0.0586534
-80,-75,55,60,27.4465,24.3803,27.6164,18.7614,25.9078,1.83755,-1.71206,-0.0971362,0.0677569
-80,-75,60,65,27.6779,24.7814,26.4896,18.8448,26.062,1.45078,-1.89195,-0.0835311,0.0770123
-80,-75,65,70,27.5944,24.5615,26.8636,18.8767,25.98,0.850037,-1.94854,-0.0472755,0.0800796
-80,-75,70,75,26.7197,23.622,27.3851,18.0982,25.2309,0.422132,-1.77464,-0.0133221,0.0725269
-80,-75,75,80,25.7309,22.8796,27.4293,19.536,24.7101,0.524511,-1.52293,-0.00981431,0.0610484
-80,-75,80,85,25.2599,22.3958,27.2962,19.1145,24.3912,0.834144,-1.30268,-0.0208362,0.0503584
-80,-75,85,90,25.2882,22.2369,26.9166,18.9529,24.4268,1.39459,-1.19825,-0.052004,0.0464938
-80,-75,90,95,25.9456,23.216,27.617,20.087,25.0039,1.97714,-1.23991,-0.092017,0.0473082
-80,-75,95,100,27.547,24.6746,26.3313,18.517,26.184,2.0813,-1.57669,-0.107214,0.063079
-80,-75,100,105,28.0705,25.3508,26.5745,18.8085,26.5888,1.74539,-1.78027,-0.0967431,0.0721619
-80,-75,105,110,28.3925,25.2806,25.979,18.1495,26.8835,1.27842,-1.90432,-0.0735753,0.0763885
-80,-75,110,115,28.2574,25.1458,27.0946,18.3349,26.8028,0.587837,-1.94203,-0.0321589,0.0773173
-80,-75,115,120,26.7787,23.6364,28.5328,19.5283,25.6425,0.0106896,-1.69944,0.00462785,0.0665934
-80,-75,120,125,22.3198,18.9856,32.4543,22.643,21.5033,-0.250205,-1.2816,0.0195306,0.0492527
-80,-75,125,130,14.5505,12.1606,34.9216,30.5587,14.2207,-0.567633,-0.754755,0.0311594,0.0284094
-80,-75,130,135,7.8695,5.90109,45.21,36.1494,7.6168,-0.607458,-0.267285,0.0280866,0.0084003
-80,-75,135,140,2.56974,0,75.8992,0,2.54342,-0.28184,-0.00270636,0.00876787,-0.00057484
-75,-70,0,5,25.0053,22.214,26.574,19.1529,24.4341,2.1412,-1.34885,-0.082357,0.0487888
-75,-70,5,10,25.5259,22.9666,27.2564,20.4081,24.8756,2.04378,-1.43689,-0.094414,0.0540215
-75,-70,10,15,26.3506,23.5276,27.5725,19.1675,25.115,1.87065,-1.6378,-0.0902721,0.0647019
-75,-70,15,20,26.7916,24.1513,26.4795,19.5467,25.2498,1.53623,-1.82307,-0.075207,0.0753205
-75,-70,20,25,26.8591,23.88,26.6221,18.6307,25.1809,1.07367,-1.86287,-0.0471855,0.079115
-75,-70,25,30,26.4752,23.7006,27.0529,19.36,24.8629,0.794411,-1.7393,-0.0271966,0.0739631
-75,-70,30,35,25.7933,22.9583,27.2874,19.245,24.518,0.82618,-1.51477,-0.0211785,0.0623722
-75,-70,35,40,25.2565,22.4444,27.4372,19.6783,24.3925,1.03476,-1.32635,-0.0262805,0.0528337
-75,-70,40,45,24.99,22.1429,26.5033,19.1386,24.2891,1.47451,-1.16198,-0.0492038,0.0432212
-75,-70,45,50,25.3146,22.6695,26.6918,19.568,24.6454,1.94445,-1.20249,-0.0842452,0.0440496
-75,-70,50,55,26.342,23.7704,26.2191,19.7351,25.3791,2.02587,-1.46918,-0.0992764,0.0565219
-75,-70,55,60,27.1893,24.2115,26.6987,18.4585,25.7447,1.83601,-1.69148,-0.0968452,0.0673252
-75,-70,60,65,27.4242,24.5346,26.6376,18.6127,25.9018,1.3793,-1.86137,-0.0789743,0.0757358
-75,-70,65,70,27.2784,24.4313,25.9012,18.3751,25.768,0.8482,-1.91857,-0.047826,0.0791711
-75,-70,70,75,26.5108,23.5356,26.9576,18.9527,25.0815,0.408401,-1.7433,-0.0118593,0.0714045
-75,-70,75,80,25.6372,22.6508,28.3137,20.0866,24.5573,0.48083,-1.47514,-0.00661499,0.0583604
-75,-70,80,85,25.1927,22.5052,27.2821,19.8308,24.2884,0.824432,-1.28648,-0.0183418,0.0501777
-75,-70,85,90,25.1872,22.3939,26.8795,19.1678,24.1888,1.34571,-1.13769,-0.0474032,0.0437819
-75,-70,90,95,25.8407,23.1016,27.1185,19.825,25.0251,1.9249,-1.21442,-0.0872024,0.045852
-75,-70,95,100,27.3944,24.37,26.6795,18.4582,26.1708,2.089,-1.54818,-0.108152,0.0615424
-75,-70,100,105,28.0412,24.8869,26.832,18.2158,26.6036,1.72626,-1.75166,-0.0934816,0.0709673
-75,-70,105,110,28.2929,25.4394,26.5019,18.735,26.8375,1.24469,-1.8719,-0.0702151,0.0749948
-75,-70,110,115,28.1219,24.9664,26.8783,18.3167,26.8073,0.605586,-1.92189,-0.032358,0.0763388
-75,-70,115,120,26.9177,23.6706,28.4326,19.5694,25.6991,0.0219083,-1.68312,0.00413235,0.0657446
-75,-70,120,125,22.2448,19.2204,31.982,23.6471,21.513,-0.254291,-1.26413,0.0197626,0.0480083
-75,-70,125,130,14.7241,11.9899,36.0588,28.6367,14.2927,-0.570591,-0.745717,0.0322449,0.0280024
-75,-70,130,135,7.8417,6.64892,44.979,52.9329,7.59286,-0.627926,-0.258506,0.0300916,0.00802377
-75,-70,135,140,2.58909,0,75.0122,0,2.5579,-0.282425,0.00176216,0.0088686,-0.00103429
-70,-65,0,5,25.0102,22.3371,27.1529,19.8266,24.324,2.07319,-1.3114,-0.0800407,0.0464448
-70,-65,5,10,25.3094,22.6564,27.0702,19.7759,24.6389,2.009,-1.39278,-0.094136,0.0518371
-70,-65,10,15,26.1302,23.584,26.6839,19.1923,25.0109,1.88885,-1.61368,-0.0916579,0.0634561
-70,-65,15,20,26.5641,23.8304,26.9298,18.6946,25.1481,1.53321,-1.79226,-0.0757514,0.0737549
-70,-65,20,25,26.877,24.1504,27.1132,19.0139,25.1693,1.09185,-1.87894,-0.0494651,0.0799373
-70,-65,25,30,26.3746,23.4317,26.9243,18.6844,24.7527,0.722741,-1.69379,-0.0236282,0.0713114
-70,-65,30,35,25.696,22.8635,28.0598,20.3593,24.4391,0.747708,-1.5017,-0.0186418,0.0618963
-70,-65,35,40,25.1387,22.3456,27.7525,19.7592,24.2377,0.990313,-1.30071,-0.0240079,0.0517971
-70,-65,40,45,25.0593,22.4886,26.8299,19.6447,24.2372,1.47963,-1.16671,-0.0519976,0.0434711
-70,-65,45,50,25.2651,22.5095,26.5926,19.2099,24.5382,1.92836,-1.19909,-0.0836539,0.0440903
-70,-65,50,55,26.1824,23.5697,26.8652,19.6183,25.2227,1.93622,-1.44353,-0.0938467,0.0556719
-70,-65,55,60,27.0308,24.0737,26.6958,18.4116,25.5695,1.78155,-1.66649,-0.0954003,0.066372
-70,-65,60,65,27.3117,24.3323,26.9748,18.675,25.7742,1.36702,-1.84674,-0.0790211,0.0749937
-70,-65,65,70,27.069,24.2479,27.1564,18.756,25.5932,0.837742,-1.8749,-0.0477718,0.0767545
-70,-65,70,75,26.2908,23.4794,27.3523,19.4968,24.8733,0.449031,-1.69969,-0.0163461,0.0689224
-70,-65,75,80,25.3514,22.3396,28.2003,18.9486,24.3193,0.501971,-1.43014,-0.00988897,0.0561419
-70,-65,80,85,25.032,22.159,27.3957,19.5071,24.181,0.819041,-1.25641,-0.020049,0.0481582
-70,-65,85,90,25.0865,22.1938,27.7438,19.8144,24.1827,1.35517,-1.11949,-0.0485407,0.0421495
-70,-65,90,95,25.7339,22.918,27.2234,19.6281,24.7991,1.9236,-1.16547,-0.0874224,0.0440107
-70,-65,95,100,27.3572,24.347,27.1584,18.7797,26.0041,2.03459,-1.50912,-0.10248,0.0602609
-70,-65,100,105,27.7386,24.7167,26.753,18.3468,26.4345,1.73066,-1.70133,-0.0945233,0.0686167
-70,-65,105,110,28.0614,24.9684,26.6464,18.7767,26.6878,1.27928,-1.7998,-0.0711911,0.0710802
-70,-65,110,115,28.0227,25.041,27.4056,19.7665,26.6503,0.635715,-1.87434,-0.0334731,0.0742033
-70,-65,115,120,26.7299,23.3689,28.7748,18.4933,25.6608,0.0691294,-1.65197,0.00184326,0.0640316
-70,-65,120,125,22.1914,18.9601,31.502,22.2237,21.408,-0.217823,-1.23951,0.0174231,0.0473362
-70,-65,125,130,14.655,12.0934,35.7312,28.0911,14.2208,-0.565023,-0.714282,0.0325503,0.0260964
-70,-65,130,135,7.8991,5.83824,44.4746,34.9668,7.64911,-0.575169,-0.259247,0.0263192,0.00786476
-70,-65,135,140,2.61545,0,74.6868,0,2.57867,-0.284584,0.00293001,0.00876724,-0.000967862
-65,-60,0,5,24.828,22.032,26.9335,19.0936,24.1965,2.08047,-1.27816,-0.0802721,0.045044
-65,-60,5,10,25.5425,22.8151,27.5053,19.7118,24.7265,2.03016,-1.39987,-0.093679,0.0524185
-65,-60,10,15,26.0405,23.2325,27.6262,19.591,24.9428,1.86378,-1.58546,-0.0906352,0.0618163
-65,-60,15,20,26.5086,23.9265,26.6219,19.6479,25.0983,1.52541,-1.75111,-0.0751646,0.0710094
-65,-60,20,25,26.6973,23.9351,27.2378,19.1792,25.084,1.0867,-1.82966,-0.0502972,0.0766877
-65,-60,25,30,26.2264,23.2605,26.9322,18.8233,24.6547,0.714057,-1.67446,-0.0230209,0.0701744
-65,-60,30,35,25.6938,22.6836,27.4878,18.8921,24.3996,0.712273,-1.48671,-0.0162597,0.0606816
-65,-60,35,40,25.1035,22.198,27.3308,19.1445,24.1329,0.946879,-1.27614,-0.0230526,0.0503022
-65,-60,40,45,24.7084,22.1464,26.4664,19.7779,23.9557,1.4015,-1.09828,-0.0471307,0.0403211
-65,-60,45,50,25.0814,22.6162,26.7196,20.1341,24.428,1.84889,-1.1793,-0.0792747,0.0434379
-65,-60,50,55,25.9947,23.0381,27.2515,18.6886,25.0424,1.97034,-1.41477,-0.0963841,0.0542525
-65,-60,55,60,26.7077,23.6885,26.8352,18.5606,25.2988,1.75294,-1.61591,-0.094205,0.0637483
-65,-60,60,65,26.9871,24.2641,27.1694,19.0403,25.5214,1.36644,-1.78206,-0.0797225,0.0717066
-65,-60,65,70,26.9846,23.9343,27.3631,18.5903,25.518,0.792331,-1.86973,-0.0451982,0.0764102
-65,-60,70,75,26.2882,22.9057,28.6545,18.8524,24.8328,0.372376,-1.69662,-0.0128968,0.0688025
-65,-60,75,80,25.2,22.3292,27.21,19.58,24.2056,0.422814,-1.39193,-0.00497121,0.0541653
-65,-60,80,85,24.8274,22.0757,27.4131,19.8483,24.0151,0.744408,-1.21869,-0.0155146,0.0462738
-65,-60,85,90,24.9015,22.2606,26.8656,19.6557,23.9977,1.28069,-1.11137,-0.0446943,0.0427432
-65,-60,90,95,25.7319,23.1334,27.168,20.4746,24.714,1.86736,-1.16582,-0.084303,0.044186
-65,-60,95,100,26.9703,23.9009,26.8315,18.3785,25.7524,2.01646,-1.44473,-0.102628,0.0569198
-65,-60,100,105,27.66,24.5046,26.3644,17.5536,26.2416,1.67002,-1.66452,-0.0893229,0.0668744
-65,-60,105,110,27.7987,24.559,26.5622,18.0324,26.5362,1.20034,-1.78848,-0.0642823,0.0710639
-65,-60,110,115,27.8006,24.655,27.628,19.074,26.5534,0.649317,-1.85436,-0.0337281,0.0730454
-65,-60,115,120,26.3596,23.1383,28.4297,19.5452,25.4466,0.0479946,-1.60621,0.00427842,0.0614181
-65,-60,120,125,22.0193,18.8606,32.1921,22.4488,21.3224,-0.212485,-1.18886,0.0175759,0.0439675
-65,-60,125,130,14.5748,12.0146,35.6763,26.9744,14.209,-0.527221,-0.712067,0.0300776,0.0257467
-65,-60,130,135,7.8581,6.45481,44.7675,51.8391,7.59057,-0.589121,-0.248397,0.0274714,0.0074028
-65,-60,135,140,2.63082,0,74.5931,0,2.61769,-0.269799,0.00081211,0.00803124,-0.00111067
-60,-55,0,5,24.8992,22.3155,26.8745,19.9225,24.204,2.04768,-1.28186,-0.0801147,0.045693
-60,-55,5,10,25.391,22.6856,27.5975,19.8847,24.5641,1.99775,-1.34573,-0.0924228,0.0496501
-60,-55,10,15,25.9731,23.0754,27.0604,19.0554,24.8944,1.82982,-1.58112,-0.0881698,0.0619344
-60,-55,15,20,26.4973,23.4287,27.4899,18.4636,25.0389,1.524,-1.76375,-0.0751444,0.0719937
-60,-55,20,25,26.5007,25.2191,26.6986,13.9338,24.9996,1.04184,-1.81589,-0.0458346,0.0762222
-60,-55,25,30,26.0827,23.162,27.168,19.5509,24.6221,0.73903,-1.67632,-0.025864,0.0701856
-60,-55,30,35,25.4423,22.4506,27.3472,18.8006,24.2767,0.690223,-1.46203,-0.0150305,0.059599
-60,-55,35,40,25.0254,22.0085,26.8996,18.511,24.001,0.910696,-1.23383,-0.020239,0.0484197
-60,-55,40,45,24.7342,22.0488,27.6449,19.7495,23.9015,1.41232,-1.08692,-0.0482098,0.0397394
-60,-55,45,50,25.0976,22.313,27.2119,19.4309,24.2911,1.85802,-1.14635,-0.0798791,0.0419719
-60,-55,50,55,25.984,23.2283,26.7384,19.3324,24.9886,1.95843,-1.38996,-0.0961643,0.0530978
-60,-55,55,60,26.4913,23.7493,26.2435,18.907,25.1955,1.77283,-1.5656,-0.0950927,0.0612021
-60,-55,60,65,26.855,23.9961,27.1271,18.9594,25.4392,1.31908,-1.75005,-0.0752698,0.0699487
-60,-55,65,70,26.7682,23.9933,26.8773,19.3452,25.3706,0.792453,-1.82989,-0.0462184,0.0742205
-60,-55,70,75,25.9572,23.1451,27.8264,19.7618,24.6639,0.403677,-1.64509,-0.0159091,0.0662372
-60,-55,75,80,25.0407,22.361,27.7009,19.7678,24.1013,0.389084,-1.39971,-0.00408736,0.0544671
-60,-55,80,85,24.9047,22.1921,28.026,20.647,23.991,0.712625,-1.23034,-0.0135625,0.046997
-60,-55,85,90,24.7629,22.048,27.4531,20.3517,23.8553,1.19939,-1.05707,-0.0395817,0.0394272
-60,-55,90,95,25.6132,22.772,27.3425,18.9117,24.6249,1.80206,-1.13769,-0.0805408,0.0425513
-60,-55,95,100,26.8198,23.9396,27.1621,19.139,25.6068,1.97511,-1.40739,-0.0991348,0.0550495
-60,-55,100,105,27.4999,24.6482,26.5288,18.9363,26.0929,1.64363,-1.64075,-0.0879469,0.0661391
-60,-55,105,110,27.6891,24.8583,27.0551,19.0439,26.3713,1.25498,-1.75432,-0.069554,0.0695999
-60,-55,110,115,27.5952,24.3454,27.0922,18.2654,26.3321,0.591382,-1.81201,-0.0303763,0.0712984
-60,-55,115,120,26.3195,22.8412,29.0061,17.8193,25.2837,0.0106103,-1.59545,0.00629291,0.0614931
-60,-55,120,125,22.0701,18.7278,32.9761,22.5372,21.3148,-0.214997,-1.19743,0.0177598,0.0444889
-60,-55,125,130,14.5837,12.0986,35.0233,29.4584,14.153,-0.531823,-0.694374,0.0300154,0.024751
-60,-55,130,135,7.8491,5.83765,45.1551,46.4631,7.61446,-0.575213,-0.259246,0.0262699,0.0080581
-60,-55,135,140,2.63936,0,73.7377,0,2.59831,-0.27228,-0.00258263,0.00847027,-0.00070017
-55,-50,0,5,24.955,22.3677,27.6835,20.5333,24.0615,2.05763,-1.23696,-0.0795664,0.0431494
-55,-50,5,10,25.121,22.9588,27.003,21.01,24.4218,1.97263,-1.32931,-0.0908611,0.0493083
-55,-50,10,15,26.0106,23.1648,27.5169,19.2149,24.8877,1.84901,-1.57588,-0.0897651,0.0614178
-55,-50,15,20,26.42,23.4681,27.6145,18.8248,25.016,1.51192,-1.73099,-0.0742194,0.0697923
-55,-50,20,25,26.4191,23.5831,26.4754,18.7919,24.901,1.01134,-1.77875,-0.0442796,0.0735029
-55,-50,25,30,25.9574,23.3087,26.4542,19.4536,24.5087,0.658207,-1.63483,-0.0197865,0.0674409
-55,-50,30,35,25.4422,22.4558,27.6184,19.0187,24.1626,0.659708,-1.43245,-0.0135511,0.0576457
-55,-50,35,40,24.9885,22.186,27.268,19.3219,23.9362,0.862941,-1.23004,-0.017698,0.0478968
-55,-50,40,45,24.7745,22.1809,26.6441,35.7748,23.9076,1.32613,-1.09883,-0.0417425,0.0406836
-55,-50,45,50,25.0029,22.0719,27.5831,19.043,24.1886,1.83194,-1.11809,-0.0770278,0.0404681
-55,-50,50,55,25.7706,23.1109,26.7788,19.6328,24.7622,1.95896,-1.33143,-0.0948242,0.0503819
-55,-50,55,60,26.4509,23.3488,27.2191,18.6493,25.1515,1.7746,-1.54678,-0.0934413,0.0604361
-55,-50,60,65,26.7025,24.1376,27.5209,20.3664,25.3477,1.3879,-1.7063,-0.0809047,0.0676909
-55,-50,65,70,26.6393,23.8603,26.607,18.8076,25.2766,0.829264,-1.77986,-0.0476482,0.0714703
-55,-50,70,75,25.9257,23.116,27.6968,19.4218,24.7041,0.339535,-1.65204,-0.0108853,0.0663232
-55,-50,75,80,25.0243,22.1401,27.7965,19.4169,24.0553,0.36692,-1.37776,-0.00296826,0.053255
-55,-50,80,85,24.8718,21.9871,28.1685,19.3847,23.8892,0.668808,-1.21286,-0.0105219,0.0464065
-55,-50,85,90,24.8066,22.0209,26.8139,19.5492,23.8915,1.19906,-1.09222,-0.039656,0.0415765
-55,-50,90,95,25.4879,22.706,27.5608,20.1585,24.5189,1.76806,-1.10971,-0.078433,0.0413715
-55,-50,95,100,26.8661,23.8264,27.2026,18.9197,25.614,1.93879,-1.41131,-0.0969654,0.0553364
-55,-50,100,105,27.227,24.277,27.1568,18.7404,25.9256,1.6416,-1.59966,-0.0862674,0.0638423
-55,-50,105,110,27.6079,24.6739,27.0801,18.8401,26.278,1.19305,-1.74277,-0.0630108,0.0689877
-55,-50,110,115,27.4447,24.2825,27.9957,18.749,26.1905,0.58189,-1.78973,-0.0285419,0.0704045
-55,-50,115,120,26.3684,22.8466,29.6067,18.6136,25.3478,0.0541979,-1.57416,0.0038352,0.0595086
-55,-50,120,125,21.9306,18.6378,32.113,23.4851,21.2033,-0.202886,-1.18399,0.0173653,0.0439216
-55,-50,125,130,14.5145,11.9927,34.7533,26.4907,14.1208,-0.518289,-0.6829,0.0292368,0.0241435
-55,-50,130,135,7.86,5.937,44.4416,31.9753,7.60578,-0.564694,-0.263939,0.0254268,0.00821638
-55,-50,135,140,2.68593,0,74.4238,0,2.62406,-0.279328,-0.012768,0.00863932,-0.000145142
-50,-45,0,5,24.7875,22.1924,27.1608,19.7041,23.8964,2.00856,-1.2294,-0.0768245,0.0434517
-50,-45,5,10,25.1854,22.6227,26.6714,19.6257,24.4487,1.9773,-1.34756,-0.0923415,0.0503934
-50,-45,10,15,25.7631,22.9963,26.6581,18.7963,24.6826,1.84515,-1.51013,-0.0896087,0.0576667
-50,-45,15,20,26.1334,23.5292,26.1782,19.8407,24.8701,1.49865,-1.69202,-0.0726647,0.0673789
-50,-45,20,25,26.4183,23.7405,27.1541,19.4957,24.9377,1.04585,-1.77154,-0.0472228,0.0724256
-50,-45,25,30,26.1023,23.316,27.9708,19.7676,24.6272,0.636559,-1.66153,-0.019676,0.0682001
-50,-45,30,35,25.2737,22.4654,27.4528,19.5584,24.1181,0.626637,-1.42087,-0.0120505,0.0569958
-50,-45,35,40,24.8932,22.1896,27.5186,19.7253,23.8916,0.872719,-1.21972,-0.0196059,0.0472258
-50,-45,40,45,24.6758,22.1136,26.4866,19.8931,23.7659,1.30501,-1.06856,-0.0415174,0.0394159
-50,-45,45,50,24.9607,22.2879,27.5536,20.2394,24.0753,1.79913,-1.08815,-0.0761889,0.0392926
-50,-45,50,55,25.909,22.8252,27.4874,18.9408,24.7622,1.94274,-1.31782,-0.094215,0.0494861
-50,-45,55,60,26.2837,23.5064,27.201,19.1822,24.9891,1.74609,-1.50881,-0.0926862,0.0586383
-50,-45,60,65,26.5583,23.728,27.176,19.6454,25.2603,1.33204,-1.66585,-0.0750281,0.0654906
-50,-45,65,70,26.596,23.7074,27.1984,19.032,25.2157,0.8116,-1.73592,-0.0454792,0.0688526
-50,-45,70,75,25.9063,22.8873,26.8965,18.5209,24.6774,0.381358,-1.61673,-0.0127865,0.0637887
-50,-45,75,80,24.93,22.2277,27.0463,19.7249,24.0528,0.366091,-1.34477,-0.00149697,0.0511612
-50,-45,80,85,24.9245,21.9612,28.0808,19.6177,23.9602,0.669381,-1.22083,-0.0115576,0.0465678
-50,-45,85,90,24.678,21.9117,27.6856,20.1335,23.7871,1.14659,-1.05421,-0.0358235,0.0397106
-50,-45,90,95,25.4041,22.4359,27.4876,19.5486,24.4243,1.72685,-1.08218,-0.074227,0.0398176
-50,-45,95,100,26.6942,23.7437,26.9265,18.6673,25.503,1.93019,-1.36023,-0.0952624,0.0524494
-50,-45,100,105,27.1343,24.168,26.7371,19.0179,25.8207,1.65202,-1.56422,-0.0872185,0.0618783
-50,-45,105,110,27.3933,24.3476,27.4473,18.5496,26.1659,1.23591,-1.69112,-0.0664252,0.0662485
-50,-45,110,115,27.2213,24.1612,26.1366,18.416,26.1045,0.606563,-1.75147,-0.0294723,0.067889
-50,-45,115,120,25.9746,22.8915,28.1742,19.8023,25.1053,0.0581494,-1.5145,0.00444369,0.0567378
-50,-45,120,125,21.7912,18.789,32.3676,23.1932,21.1422,-0.260898,-1.16465,0.0219648,0.0427526
-50,-45,125,130,14.5505,12.25,35.9168,30.462,14.1411,-0.522581,-0.689738,0.0298638,0.0244103
-50,-45,130,135,7.8654,5.9259,43.6042,41.8228,7.58284,-0.581193,-0.255983,0.0267446,0.00764674
-50,-45,135,140,2.64327,0,75.7003,0,2.59288,-0.26636,-0.0106902,0.00736228,-0.00017393
-45,-40,0,5,24.7527,22.1477,26.7956,19.7473,23.9018,1.98976,-1.25385,-0.078006,0.044951
-45,-40,5,10,25.1388,22.4545,26.9476,19.8132,24.3609,1.98459,-1.32266,-0.0932177,0.0484766
-45,-40,10,15,25.7802,23.0561,27.2449,19.7957,24.6392,1.86913,-1.53113,-0.0923624,0.0591142
-45,-40,15,20,26.1731,23.2576,27.1486,18.8319,24.8323,1.50359,-1.6979,-0.0733824,0.0676
-45,-40,20,25,26.187,23.2668,26.5066,18.5611,24.7255,0.956071,-1.74857,-0.0406474,0.0713969
-45,-40,25,30,25.9856,23.2637,26.496,19.4579,24.5077,0.616515,-1.63886,-0.0177418,0.0669535
-45,-40,30,35,25.2852,22.4677,27.661,19.8099,24.0281,0.589895,-1.40859,-0.00898814,0.0564069
-45,-40,35,40,24.8905,22.2667,26.9768,20.2717,23.8402,0.858638,-1.21185,-0.0186641,0.0468609
-45,-40,40,45,24.7978,22.1079,27.7098,19.8474,23.7804,1.30499,-1.07391,-0.0419872,0.039273
-45,-40,45,50,24.9176,22.1181,27.5179,19.7582,24.0782,1.79727,-1.06969,-0.0757117,0.0380682
-45,-40,50,55,25.9782,22.9851,27.7999,19.4007,24.8062,1.94229,-1.33051,-0.0946539,0.0504107
-45,-40,55,60,26.2753,23.5948,26.8555,20.1226,25.0485,1.76288,-1.51572,-0.0930183,0.0590172
-45,-40,60,65,26.6245,23.9066,27.3587,19.6891,25.2753,1.40721,-1.66319,-0.0810451,0.0650589
-45,-40,65,70,26.4145,23.6845,27.7495,19.6071,25.1771,0.833222,-1.714,-0.0468442,0.0673978
-45,-40,70,75,25.8626,22.9398,27.5567,18.864,24.658,0.375806,-1.59719,-0.0110816,0.0626652
-45,-40,75,80,25.1876,22.3867,27.711,19.9134,24.1023,0.382063,-1.36842,-0.00150563,0.052403
-45,-40,80,85,24.8943,22.2892,27.4797,19.6656,23.911,0.677558,-1.19133,-0.0101802,0.0444862
-45,-40,85,90,24.7111,22.0768,27.3355,20.4509,23.7925,1.19276,-1.03101,-0.0386813,0.0376019
-45,-40,90,95,25.2409,22.6328,27.3446,19.9188,24.3988,1.76895,-1.05839,-0.0771838,0.0384415
-45,-40,95,100,26.5362,23.6629,26.8884,18.8742,25.4154,1.94384,-1.33388,-0.0951748,0.0511467
-45,-40,100,105,26.9833,23.9008,26.7775,18.2502,25.8347,1.62805,-1.54853,-0.0843182,0.0608876
-45,-40,105,110,27.3779,24.1686,27.1253,18.5781,26.129,1.25686,-1.68043,-0.0658722,0.0657712
-45,-40,110,115,27.2706,24.2002,27.2675,18.491,26.1424,0.656192,-1.73655,-0.0318041,0.0671488
-45,-40,115,120,26.088,22.8616,28.4889,18.6471,25.0816,0.0986257,-1.52377,0.00247509,0.0574898
-45,-40,120,125,21.9063,18.5154,33.077,22.813,21.1459,-0.205217,-1.16277,0.0182092,0.0423068
-45,-40,125,130,14.5713,13.0564,35.288,33.0987,14.1381,-0.533989,-0.703556,0.0305337,0.0250087
-45,-40,130,135,7.8746,5.78973,45.7284,44.5639,7.63339,-0.57525,-0.263884,0.0254572,0.00791375
-45,-40,135,140,2.67309,0,73.9286,0,2.62697,-0.270594,-0.019124,0.00784023,0.000129321
-40,-35,0,5,24.7918,22.0738,26.9962,19.39,23.8103,1.9636,-1.20774,-0.0756067,0.0423834
-40,-35,5,10,25.0516,22.4628,27.0591,19.5582,24.1736,1.94704,-1.315,-0.0904899,0.0489234
-40,-35,10,15,25.7085,21.6522,26.955,11.5499,24.5224,1.85562,-1.51887,-0.0902974,0.0583323
-40,-35,15,20,25.9924,23.0791,27.9536,19.2332,24.6512,1.49484,-1.67268,-0.0740526,0.0660225
-40,-35,20,25,26.1602,23.6036,26.8604,19.6719,24.7575,0.987856,-1.76817,-0.0437607,0.0720207
-40,-35,25,30,25.8469,22.853,27.0032,18.8751,24.452,0.606886,-1.6218,-0.0174767,0.0655948
-40,-35,30,35,25.178,22.4287,27.5194,20.6129,24.0189,0.587263,-1.43064,-0.00908687,0.0573725
-40,-35,35,40,24.9419,22.0741,27.4696,19.1616,23.8842,0.82264,-1.21684,-0.0171575,0.0464341
-40,-35,40,45,24.6334,21.9297,26.894,20.2027,23.7059,1.26993,-1.03773,-0.0395619,0.0370914
-40,-35,45,50,25.07,22.1722,28.0797,19.4173,24.084,1.77033,-1.0853,-0.0732564,0.0389017
-40,-35,50,55,25.8365,22.9178,27.0863,19.414,24.7299,1.90228,-1.28205,-0.0901959,0.0472336
-40,-35,55,60,26.1659,23.4165,26.9455,19.1831,25.0101,1.78873,-1.48255,-0.0953081,0.0564625
-40,-35,60,65,26.5174,23.5789,26.7862,19.0434,25.3248,1.38569,-1.66495,-0.0787509,0.0649056
-40,-35,65,70,26.5446,23.7868,27.1575,19.2111,25.3054,0.829659,-1.74038,-0.0460843,0.0682557
-40,-35,70,75,25.7915,22.8062,27.099,18.8538,24.6646,0.335355,-1.60073,-0.00760151,0.0623273
-40,-35,75,80,25.1792,22.2505,27.5752,19.292,24.1942,0.334612,-1.38362,0.00128797,0.0528826
-40,-35,80,85,24.8181,22.2763,27.3596,20.2486,23.8265,0.652329,-1.17342,-0.00840573,0.043133
-40,-35,85,90,24.8229,22.0391,27.713,19.882,23.8419,1.06043,-1.04498,-0.0280864,0.0384169
-40,-35,90,95,25.2139,22.4756,27.2744,19.2817,24.3068,1.72798,-1.03782,-0.0727727,0.0373732
-40,-35,95,100,26.4783,23.6154,26.9082,19.4004,25.365,1.92729,-1.30513,-0.0931948,0.0495006
-40,-35,100,105,27.0948,24.0612,27.6845,19.3156,25.8335,1.64617,-1.52872,-0.0850843,0.059796
-40,-35,105,110,27.2028,24.2969,26.5572,19.3525,26.1049,1.2747,-1.65586,-0.067967,0.0644901
-40,-35,110,115,27.2704,24.0427,27.5111,18.7109,26.1676,0.648987,-1.7232,-0.0299245,0.0661212
-40,-35,115,120,26.122,22.8175,28.714,19.494,25.1815,0.166211,-1.5298,-0.00230176,0.0572715
-40,-35,120,125,21.8249,18.5596,32.5694,22.0367,21.1661,-0.206888,-1.17226,0.0202151,0.0431726
-40,-35,125,130,14.5706,12.1703,35.1104,28.6526,14.102,-0.521512,-0.676589,0.0300581,0.0235977
-40,-35,130,135,7.9257,5.88085,44.6372,40.4447,7.64741,-0.550036,-0.26496,0.0238423,0.00783063
-40,-35,135,140,2.72995,1.41132,76.4409,64.0913,2.66585,-0.283476,-0.0263504,0.00891327,0.000415891
-35,-30,0,5,24.7664,22.2255,27.2026,19.8592,23.7529,1.90925,-1.22514,-0.0734301,0.0432237
-35,-30,5,10,25.1039,22.3907,27.2713,19.2416,24.1672,1.95068,-1.3237,-0.0919793,0.0491615
-35,-30,10,15,25.5486,22.385,26.9245,39.1455,24.5021,1.86183,-1.51705,-0.0907178,0.0578928
-35,-30,15,20,25.8967,23.4389,27.0953,20.1375,24.6535,1.47268,-1.67756,-0.0711115,0.0661703
-35,-30,20,25,25.9492,23.4376,26.643,19.8827,24.6641,0.991461,-1.74375,-0.042981,0.0704134
-35,-30,25,30,25.6903,22.0084,26.56,13.6681,24.3294,0.568446,-1.60106,-0.0148204,0.0644875
-35,-30,30,35,25.4239,22.6214,28.0845,20.0535,24.1263,0.566778,-1.44784,-0.00791321,0.0575538
-35,-30,35,40,24.894,22.1705,27.3143,20.4226,23.7759,0.789444,-1.19509,-0.0145872,0.0455197
-35,-30,40,45,24.7354,22.1025,27.3234,19.7064,23.7621,1.30025,-1.06011,-0.0415694,0.0383231
-35,-30,45,50,24.9071,22.2483,27.4384,20.1515,23.957,1.81391,-1.04324,-0.0764931,0.0364214
-35,-30,50,55,25.7071,22.9508,28.006,19.8876,24.6408,1.93942,-1.25875,-0.0941083,0.0460895
-35,-30,55,60,26.2253,23.3362,26.6554,19.2368,25.0761,1.80677,-1.51164,-0.0954233,0.0583023
-35,-30,60,65,26.4752,23.8263,27.0751,19.6964,25.2964,1.36818,-1.64278,-0.0769864,0.0635804
-35,-30,65,70,26.4972,23.9307,27.1045,19.4683,25.2925,0.842396,-1.72334,-0.0465901,0.0670495
-35,-30,70,75,25.9469,23.4666,27.4689,20.4143,24.7578,0.346292,-1.61305,-0.00845936,0.0627711
-35,-30,75,80,25.2737,22.3497,27.4086,19.5424,24.2545,0.302328,-1.38079,0.00494622,0.0520205
-35,-30,80,85,24.9611,22.0388,27.2463,19.1713,23.9922,0.612139,-1.18811,-0.00538478,0.0436912
-35,-30,85,90,24.7817,22.1335,27.0781,20.0265,23.8001,1.06645,-1.01958,-0.0300136,0.0368762
-35,-30,90,95,25.2048,22.5786,27.7948,20.5358,24.2813,1.68018,-1.02578,-0.0707896,0.0368224
-35,-30,95,100,26.4125,23.4106,27.3835,18.4557,25.3308,1.87458,-1.29878,-0.0902709,0.0494058
-35,-30,100,105,26.9186,24.0232,27.278,19.1688,25.6929,1.67206,-1.49057,-0.0860334,0.0582501
-35,-30,105,110,27.3145,24.1859,27.659,18.6787,26.1401,1.25144,-1.65217,-0.0644544,0.0641254
-35,-30,110,115,27.1649,23.9436,28.2541,18.771,26.1326,0.694711,-1.70904,-0.0330641,0.0654748
-35,-30,115,120,26.0734,22.8151,29.0808,19.4792,25.1458,0.232432,-1.50541,-0.00572406,0.0559256
-35,-30,120,125,21.9583,18.7954,32.042,22.7445,21.2585,-0.146515,-1.13774,0.0161325,0.0403448
-35,-30,125,130,14.5729,12.2407,35.0045,30.2483,14.125,-0.466832,-0.665186,0.0261908,0.0222343
-35,-30,130,135,7.94859,5.88632,44.9984,40.2216,7.70954,-0.546835,-0.271981,0.0239415,0.0080526
-35,-30,135,140,2.74711,0,72.0194,0,2.68779,-0.259798,-0.0275172,0.00723664,0.00043403
-30,-25,0,5,24.6912,22.1842,27.0796,20.299,23.6436,1.91167,-1.21473,-0.0754516,0.0428169
-30,-25,5,10,25.0595,22.3814,26.6765,19.5449,24.1306,1.94593,-1.31824,-0.0921854,0.048236
-30,-25,10,15,25.6064,22.8433,27.2177,19.4445,24.4572,1.82061,-1.49482,-0.0897417,0.0564081
-30,-25,15,20,25.8257,23.016,26.6293,18.9092,24.6079,1.47223,-1.66421,-0.0718959,0.0651506
-30,-25,20,25,26.0615,23.4967,26.4539,20.0761,24.6498,0.95474,-1.73021,-0.0405731,0.069564
-30,-25,25,30,25.8828,23.1495,27.2016,19.8568,24.4405,0.579825,-1.63473,-0.0153302,0.0657111
-30,-25,30,35,25.3753,22.6534,27.7414,19.7397,24.0325,0.559179,-1.40743,-0.00749107,0.0552809
-30,-25,35,40,24.9594,22.3019,27.1777,19.8124,23.8084,0.710161,-1.20559,-0.00828298,0.0457502
-30,-25,40,45,24.8035,22.1832,27.4735,20.1978,23.7796,1.3024,-1.07297,-0.0425412,0.0384075
-30,-25,45,50,24.7949,22.0564,27.2491,19.8937,23.8841,1.76931,-1.04882,-0.074357,0.036876
-30,-25,50,55,25.7095,22.9738,27.1623,19.699,24.5615,1.94529,-1.25544,-0.0945497,0.0458043
-30,-25,55,60,26.1715,23.2853,27.5257,19.2895,24.9837,1.79085,-1.49395,-0.0941191,0.0569113
-30,-25,60,65,26.3905,23.5377,26.9854,19.2093,25.2184,1.3744,-1.64702,-0.0761301,0.0635884
-30,-25,65,70,26.5572,23.5774,28.0641,19.7174,25.326,0.839535,-1.75196,-0.0459664,0.0687501
-30,-25,70,75,25.9883,23.0215,28.0239,20.0292,24.8032,0.421168,-1.61093,-0.0120394,0.0625399
-30,-25,75,80,25.327,22.5394,28.0788,19.6402,24.2856,0.356435,-1.39578,0.00180016,0.0526969
-30,-25,80,85,24.8598,22.1245,27.3853,19.7696,23.9544,0.661897,-1.17531,-0.0088202,0.0429308
-30,-25,85,90,24.8443,22.0287,27.7546,19.5135,23.8432,1.10512,-1.01724,-0.0315178,0.0362901
-30,-25,90,95,25.2786,22.2756,27.7973,19.0439,24.3709,1.71171,-1.02535,-0.071503,0.0363885
-30,-25,95,100,26.4506,23.3076,27.7257,19.1774,25.371,1.92834,-1.28371,-0.0939974,0.0478467
-30,-25,100,105,26.8597,24.1777,26.8199,20.1992,25.6642,1.65905,-1.4514,-0.0859779,0.055669
-30,-25,105,110,27.0701,24.2212,27.2695,18.8237,25.9934,1.27193,-1.61106,-0.0665426,0.061947
-30,-25,110,115,27.1855,23.9866,27.6367,18.7573,26.1276,0.72649,-1.69391,-0.0367033,0.0644818
-30,-25,115,120,26.2059,22.6711,29.2323,18.2252,25.2671,0.210264,-1.52815,-0.00448679,0.0569325
-30,-25,120,125,22.0471,18.4788,33.3942,22.8336,21.2269,-0.143983,-1.14441,0.0153615,0.0407485
-30,-25,125,130,14.5549,12.2143,34.9619,29.9551,14.1362,-0.454985,-0.662888,0.0250737,0.0221496
-30,-25,130,135,8.0537,5.99232,45.3001,33.2529,7.74068,-0.528746,-0.298889,0.0222745,0.0096361
-30,-25,135,140,2.76475,0,72.2566,0,2.69583,-0.263957,-0.0334245,0.00724132,0.000749403
-25,-20,0,5,24.7495,21.9496,27.2659,19.2713,23.5965,1.86855,-1.19851,-0.0716478,0.0417321
-25,-20,5,10,25.0368,22.2283,27.2668,19.4113,23.9985,1.94108,-1.28819,-0.0905752,0.0469018
-25,-20,10,15,25.6131,22.8543,27.2851,19.7151,24.3959,1.82638,-1.50392,-0.0898082,0.0571649
-25,-20,15,20,25.9372,23.2098,27.4399,18.904,24.6421,1.50126,-1.68313,-0.0734826,0.066103
-25,-20,20,25,25.9643,23.3396,27.2752,19.6165,24.6311,0.927637,-1.72892,-0.0368057,0.0690864
-25,-20,25,30,25.8452,23.1127,26.9715,19.2152,24.3482,0.554708,-1.61309,-0.013651,0.0643651
-25,-20,30,35,25.4558,22.7274,28.1713,20.394,24.068,0.543596,-1.44117,-0.00719006,0.057164
-25,-20,35,40,24.9607,22.2185,27.1255,19.5228,23.735,0.723185,-1.18255,-0.00968938,0.0443388
-25,-20,40,45,24.74,22.0184,27.1488,19.4906,23.67,1.25822,-1.03871,-0.0405295,0.0365897
-25,-20,45,50,25.0104,22.1128,27.3926,19.0462,23.913,1.73979,-1.04326,-0.0732352,0.0362335
-25,-20,50,55,25.5288,22.5574,27.3445,18.8792,24.4974,1.92707,-1.25884,-0.0916333,0.0461058
-25,-20,55,60,25.8825,23.0458,26.7732,18.9636,24.8701,1.79918,-1.46459,-0.0948769,0.0554381
-25,-20,60,65,26.3181,23.3126,26.8579,18.5311,25.1771,1.37369,-1.63779,-0.076371,0.0631592
-25,-20,65,70,26.5479,24.0249,27.6553,20.377,25.2737,0.846436,-1.72837,-0.0458601,0.0672437
-25,-20,70,75,25.8957,23.2794,26.794,19.5125,24.6969,0.399727,-1.59968,-0.0111362,0.0617783
-25,-20,75,80,25.4421,22.6078,27.3319,19.2114,24.3585,0.413553,-1.40651,-0.0021777,0.0529861
-25,-20,80,85,24.9975,22.0962,27.3666,19.1625,23.9761,0.661133,-1.1696,-0.00750633,0.0417767
-25,-20,85,90,24.7557,22.1256,26.9508,20.557,23.8042,1.09966,-1.00341,-0.0307445,0.0353962
-25,-20,90,95,24.9993,22.1833,27.1412,19.2722,24.2426,1.7074,-0.991366,-0.0714542,0.0346721
-25,-20,95,100,26.3743,23.1694,27.1285,18.3378,25.2761,1.9158,-1.27273,-0.0920161,0.0475055
-25,-20,100,105,26.739,23.7346,27.1906,18.7473,25.7493,1.65466,-1.46815,-0.0859494,0.0565488
-25,-20,105,110,27.2288,24.273,26.7698,19.2924,26.1926,1.31208,-1.63353,-0.0687572,0.0627195
-25,-20,110,115,27.2018,24.0441,28.6155,19.0819,26.2062,0.749198,-1.68858,-0.037746,0.0637553
-25,-20,115,120,26.2334,22.9735,28.771,19.6389,25.2809,0.202917,-1.50109,-0.00510724,0.0548808
-25,-20,120,125,22.0727,18.5533,32.3651,21.663,21.2535,-0.157027,-1.1343,0.0168883,0.040044
-25,-20,125,130,14.698,12.1177,35.4298,29.693,14.1838,-0.489708,-0.665259,0.0274521,0.0221678
-25,-20,130,135,8.0239,6.09349,44.552,44.27,7.71796,-0.538137,-0.268752,0.0228691,0.00791449
-25,-20,135,140,2.82103,0,72.096,0,2.70952,-0.255077,-0.0386292,0.00635361,0.00121708
-20,-15,0,5,24.8525,22.005,27.8763,19.927,23.6398,1.84179,-1.21418,-0.0698862,0.0420483
-20,-15,5,10,25.0127,22.3696,27.2223,19.9402,24.0009,1.89764,-1.3042,-0.0887216,0.0479634
-20,-15,10,15,25.5565,22.7855,26.5494,19.1591,24.3912,1.8281,-1.51165,-0.0890306,0.0575145
-20,-15,15,20,25.8646,23.131,26.5175,19.2896,24.6268,1.48495,-1.67005,-0.0712897,0.0650615
-20,-15,20,25,26.1494,23.4089,26.7874,19.2282,24.6901,0.940422,-1.75248,-0.0387785,0.0699772
-20,-15,25,30,25.9457,23.1279,27.5993,19.5697,24.4152,0.52798,-1.62621,-0.0114452,0.0647743
-20,-15,30,35,25.2697,22.5219,27.1987,19.3052,24.0256,0.498004,-1.41649,-0.00302149,0.0553577
-20,-15,35,40,24.9719,22.2552,27.0468,19.9152,23.7231,0.740638,-1.17895,-0.0107504,0.0438177
-20,-15,40,45,24.7356,22.2129,26.6171,20.1033,23.616,1.26346,-1.03541,-0.0399037,0.0362958
-20,-15,45,50,24.9888,22.1597,27.3846,19.4724,23.9453,1.71993,-1.0673,-0.0706128,0.0374228
-20,-15,50,55,25.5009,22.8219,27.0396,19.8695,24.4903,1.95758,-1.2515,-0.0940076,0.0452895
-20,-15,55,60,26.003,23.2036,26.9904,19.7752,24.8778,1.75995,-1.46538,-0.092494,0.0553055
-20,-15,60,65,26.4553,23.4495,27.9654,19.2114,25.2248,1.4564,-1.6457,-0.0823476,0.0629667
-20,-15,65,70,26.465,23.7126,26.8328,19.1265,25.2342,0.889814,-1.71059,-0.0487337,0.0659618
-20,-15,70,75,25.9094,23.0751,26.9848,19.0878,24.7499,0.412885,-1.60607,-0.0113853,0.0616608
-20,-15,75,80,25.3806,22.3993,28.6054,19.1749,24.2548,0.388108,-1.3698,-0.000713637,0.050621
-20,-15,80,85,24.9869,22.0658,27.4468,19.6795,23.9455,0.667894,-1.15837,-0.00910277,0.0409722
-20,-15,85,90,24.816,22.319,27.5065,20.4219,23.8625,1.12511,-1.01346,-0.0328312,0.0357288
-20,-15,90,95,25.3279,22.4999,27.3123,19.6703,24.3367,1.70098,-1.01445,-0.0704668,0.0353726
-20,-15,95,100,26.1,23.2428,26.2754,18.6125,25.1855,1.93489,-1.22455,-0.0955281,0.044836
-20,-15,100,105,26.8397,23.9123,27.3692,18.7185,25.7533,1.70089,-1.46209,-0.0887832,0.056091
-20,-15,105,110,27.002,24.0522,26.9878,18.5332,26.0559,1.33367,-1.60116,-0.0700788,0.0612585
-20,-15,110,115,27.3221,24.334,28.5895,19.4997,26.2436,0.810204,-1.68067,-0.0407578,0.0634228
-20,-15,115,120,26.2348,22.8255,29.0004,19.2669,25.3486,0.217807,-1.5066,-0.00385641,0.0550946
-20,-15,120,125,22.1267,18.9709,32.3996,23.7114,21.3168,-0.112221,-1.15051,0.0137755,0.0408112
-20,-15,125,130,14.8684,12.5731,35.7974,32.8934,14.2842,-0.475519,-0.682611,0.0269637,0.0228138
-20,-15,130,135,8.1239,6.16004,43.0508,40.5885,7.74841,-0.52045,-0.28628,0.0211767,0.0089115
-20,-15,135,140,2.82578,2.82578,75.1939,2.12481,2.73976,-0.267564,-0.0424503,0.00727402,0.0013674
-15,-10,0,5,24.6617,21.96,26.7499,19.435,23.5525,1.83657,-1.17004,-0.0690364,0.0395072
-15,-10,5,10,25.0286,22.5759,27.0655,20.3057,23.9792,1.91516,-1.27954,-0.0892118,0.0457019
-15,-10,10,15,25.4543,22.6693,26.7747,19.043,24.3471,1.78303,-1.48717,-0.0857946,0.0557355
-15,-10,15,20,26.0036,23.1859,28.0379,19.9694,24.6258,1.44922,-1.67218,-0.068957,0.06454
-15,-10,20,25,26.1439,23.4198,26.5681,19.4536,24.6411,0.941876,-1.73036,-0.0389228,0.0685504
-15,-10,25,30,26.0073,22.9282,27.1984,18.1906,24.4639,0.54403,-1.61894,-0.0129577,0.0639636
-15,-10,30,35,25.4422,22.7318,26.8429,18.867,24.0299,0.464824,-1.39616,-0.00130217,0.0534275
-15,-10,35,40,25.0954,22.1566,27.5871,19.4495,23.8292,0.692766,-1.19077,-0.00816362,0.0438939
-15,-10,40,45,24.764,21.7653,27.0648,18.2338,23.6632,1.24192,-1.0402,-0.0375875,0.0361798
-15,-10,45,50,24.8622,21.9806,27.5481,19.4425,23.7842,1.74219,-1.00414,-0.0717668,0.0335875
-15,-10,50,55,25.5568,22.6293,27.4269,18.5669,24.4748,1.97276,-1.24486,-0.0964017,0.0447268
-15,-10,55,60,26.0884,23.1902,27.5495,19.1604,24.9219,1.84235,-1.47101,-0.0972546,0.0551344
-15,-10,60,65,26.3602,23.3376,27.1036,19.1627,25.2367,1.45824,-1.6603,-0.0824538,0.064161
-15,-10,65,70,26.4329,23.8008,26.7573,19.7044,25.2718,0.921095,-1.73702,-0.051512,0.0673742
-15,-10,70,75,25.8881,23.1726,27.2507,19.4634,24.7056,0.439243,-1.60085,-0.0154155,0.0611777
-15,-10,75,80,25.3952,22.6109,28.041,19.4645,24.303,0.402146,-1.37951,-0.00170983,0.0509895
-15,-10,80,85,25.1193,22.361,27.3386,20.1328,23.9691,0.708001,-1.17623,-0.0111029,0.0419557
-15,-10,85,90,24.8154,22.0757,27.3076,19.6591,23.7466,1.15843,-0.979836,-0.0363371,0.0334349
-15,-10,90,95,25.1896,22.3607,27.8828,19.5884,24.2498,1.75593,-0.979219,-0.0761066,0.0335398
-15,-10,95,100,25.9727,23.5506,27.1837,20.3571,25.1178,1.96039,-1.22076,-0.0970492,0.0449507
-15,-10,100,105,26.669,23.7233,27.4136,19.2365,25.6873,1.73203,-1.43673,-0.0910115,0.054759
-15,-10,105,110,27.0948,24.0698,27.4837,18.9026,26.0729,1.3583,-1.59064,-0.0718251,0.0603208
-15,-10,110,115,27.1459,23.8437,27.727,18.7141,26.1705,0.793259,-1.67598,-0.0394958,0.0633284
-15,-10,115,120,26.1647,22.9753,28.6498,18.9971,25.2783,0.260447,-1.49101,-0.00600555,0.0546659
-15,-10,120,125,22.1211,18.9845,32.072,23.4483,21.3999,-0.0896539,-1.14498,0.0124287,0.0398259
-15,-10,125,130,14.8825,12.1701,36.0421,28.8092,14.2982,-0.422478,-0.670397,0.0235549,0.0220186
-15,-10,130,135,8.1748,6.13527,44.6818,34.4678,7.82093,-0.512752,-0.284455,0.0210458,0.00854649
-15,-10,135,140,2.87856,0,72.8053,0,2.77928,-0.254469,-0.0419981,0.00668948,0.00118338
-10,-5,0,5,24.7534,22.2408,26.9562,20.1981,23.5273,1.86825,-1.13173,-0.0714945,0.0373162
-10,-5,5,10,25.1292,22.3232,27.3678,19.4534,24.0047,1.83369,-1.26176,-0.0836979,0.0444335
-10,-5,10,15,25.5039,22.9474,26.0436,19.1936,24.3969,1.81051,-1.47884,-0.087076,0.0546629
-10,-5,15,20,26.0697,23.1587,26.3086,18.8107,24.6706,1.4645,-1.66145,-0.0710121,0.0637207
-10,-5,20,25,26.0903,23.2891,26.9427,18.9726,24.644,0.936852,-1.71991,-0.0390455,0.0678755
-10,-5,25,30,25.9574,23.0476,26.8797,18.9929,24.4053,0.521143,-1.61961,-0.0110374,0.0637679
-10,-5,30,35,25.3926,22.694,27.2662,19.5895,23.9538,0.436667,-1.38056,0.00107196,0.0526638
-10,-5,35,40,25.1838,22.4534,27.1611,19.6669,23.7867,0.698621,-1.18713,-0.00869951,0.0434437
-10,-5,40,45,24.8766,22.1825,27.5577,19.3825,23.684,1.1809,-1.04018,-0.0340701,0.0359071
-10,-5,45,50,24.7302,22.0703,26.7099,19.8403,23.7847,1.72455,-1.00624,-0.0702573,0.0339137
-10,-5,50,55,25.5712,22.8783,27.3418,20.0726,24.4659,2.01016,-1.23994,-0.0977071,0.0446249
-10,-5,55,60,26.0856,23.1434,27.326,18.8077,24.9275,1.86283,-1.48355,-0.0992024,0.0558234
-10,-5,60,65,26.3973,23.5644,27.3814,19.5241,25.2233,1.48237,-1.64728,-0.0853826,0.0629974
-10,-5,65,70,26.677,23.6132,26.9792,18.7191,25.344,0.903675,-1.75688,-0.0495823,0.0683325
-10,-5,70,75,25.9418,22.8892,27.1506,18.378,24.7569,0.488758,-1.60045,-0.0170542,0.0607516
-10,-5,75,80,25.5113,22.689,27.3677,19.4478,24.303,0.417896,-1.37508,-0.00305882,0.0503863
-10,-5,80,85,25.1588,22.2491,28.388,19.1666,23.9719,0.711928,-1.16429,-0.0127881,0.0408623
-10,-5,85,90,24.7381,21.9154,28.168,19.9953,23.738,1.17182,-0.968288,-0.0372263,0.03276
-10,-5,90,95,25.1087,22.0452,27.8385,19.2621,24.147,1.72692,-0.968469,-0.0734533,0.0330552
-10,-5,95,100,26.0507,23.2149,27.1414,19.8101,25.0977,1.94446,-1.20993,-0.0952807,0.04407
-10,-5,100,105,26.4887,23.8825,26.5088,19.2205,25.5496,1.71224,-1.41724,-0.0908791,0.0536385
-10,-5,105,110,26.9773,24.0652,27.0943,19.4194,26.0022,1.38745,-1.59283,-0.0740068,0.0609796
-10,-5,110,115,27.2249,24.283,27.6525,18.9687,26.1056,0.846155,-1.66945,-0.0439911,0.0630318
-10,-5,115,120,26.1512,22.8232,28.2071,18.8356,25.3286,0.324419,-1.5162,-0.0116476,0.0560244
-10,-5,120,125,22.0842,18.9333,31.0844,22.483,21.3054,-0.0356582,-1.14375,0.00901043,0.0406767
-10,-5,125,130,14.8318,12.3942,34.9945,29.591,14.3156,-0.40739,-0.683216,0.0220807,0.0229266
-10,-5,130,135,8.1903,6.20054,43.6734,38.4173,7.84333,-0.496398,-0.292579,0.020158,0.00899509
-10,-5,135,140,2.85912,0,71.9586,0,2.76524,-0.250269,-0.0389256,0.00647289,0.00110309
-5,0,0,5,24.8018,22.1517,26.984,19.2987,23.6495,1.77923,-1.17807,-0.0646237,0.0397168
-5,0,5,10,25.0451,22.6465,26.7804,20.7093,23.988,1.88274,-1.24849,-0.0870383,0.0437164
-5,0,10,15,25.6347,22.9988,26.8343,19.4969,24.4074,1.75959,-1.47245,-0.0844586,0.0540461
-5,0,15,20,25.9982,23.4207,26.7454,20.1682,24.6395,1.47458,-1.66569,-0.0704271,0.0640702
-5,0,20,25,26.1396,23.5356,26.2738,19.6235,24.6788,0.92492,-1.73531,-0.0377161,0.0685784
-5,0,25,30,25.9612,23.061,26.8554,18.4272,24.3963,0.513968,-1.59489,-0.0101592,0.0621256
-5,0,30,35,25.5499,22.8591,27.3739,20.3059,24.0395,0.453627,-1.40027,-0.000534097,0.0533884
-5,0,35,40,25.1685,22.1481,27.5062,19.5178,23.8693,0.707087,-1.19672,-0.00864848,0.0436329
-5,0,40,45,24.7516,22.0284,27.0892,19.8741,23.5975,1.17302,-1.00771,-0.0332614,0.0341819
-5,0,45,50,24.9175,22.214,27.0922,19.9433,23.8097,1.71784,-1.01836,-0.0700673,0.0342975
-5,0,50,55,25.5698,22.784,26.5767,19.4332,24.5174,1.98873,-1.25466,-0.0977764,0.0450919
-5,0,55,60,25.9836,23.1097,27.3876,19.2938,24.8962,1.87276,-1.47485,-0.100153,0.0553705
-5,0,60,65,26.392,23.4374,27.1089,19.2063,25.2395,1.4911,-1.66215,-0.0854183,0.0638946
-5,0,65,70,26.5413,23.8893,26.4954,18.9773,25.2659,0.940258,-1.73225,-0.0518365,0.0667978
-5,0,70,75,26.0594,23.0969,27.4022,19.2021,24.8327,0.459136,-1.63024,-0.016107,0.0622298
-5,0,75,80,25.2761,22.2655,26.3588,18.0475,24.1915,0.483671,-1.35465,-0.00775985,0.0493353
-5,0,80,85,25.0009,22.0639,27.3412,19.3351,23.95,0.717974,-1.16884,-0.013269,0.0412217
-5,0,85,90,24.7895,21.9639,27.4709,19.6523,23.7502,1.15336,-0.992074,-0.03523,0.0343966
-5,0,90,95,25.1368,22.6327,26.9451,20.3596,24.2371,1.77899,-0.995665,-0.0782411,0.0345571
-5,0,95,100,26.0985,22.9899,27.0245,18.0882,25.0683,1.99689,-1.21337,-0.0999937,0.0442663
-5,0,100,105,26.4812,23.4963,27.5624,18.9401,25.5529,1.7447,-1.44157,-0.0921771,0.0551369
-5,0,105,110,27.0615,23.8697,27.7286,18.2478,26.0273,1.36517,-1.6009,-0.0723389,0.0612892
-5,0,110,115,26.9958,23.9134,27.6034,18.3072,26.0729,0.820537,-1.65754,-0.0409215,0.0625541
-5,0,115,120,26.2443,23.2102,28.531,19.9918,25.2913,0.361355,-1.51295,-0.0145035,0.0556049
-5,0,120,125,22.1644,18.9355,31.6571,22.355,21.3141,-0.0489334,-1.14174,0.0107343,0.0404052
-5,0,125,130,14.7523,12.1808,35.06,27.9555,14.2321,-0.368379,-0.662886,0.020812,0.0220019
-5,0,130,135,8.1615,6.38911,43.1967,49.3528,7.79286,-0.475276,-0.287598,0.0189473,0.00895899
-5,0,135,140,2.90117,0,71.9978,0,2.79538,-0.251248,-0.0465231,0.00631826,0.0015618
0,5,0,5,24.7011,22.0189,26.3327,19.4199,23.5371,1.84979,-1.13364,-0.0700359,0.0373392
0,5,5,10,25.1063,22.2712,27.4308,19.5364,24.0358,1.83946,-1.26474,-0.0845857,0.0444999
0,5,10,15,25.5973,23.0236,27.6178,20.6111,24.3965,1.76565,-1.4757,-0.0848003,0.0546135
0,5,15,20,25.9638,23.0613,26.438,18.8878,24.5732,1.43664,-1.6378,-0.0679914,0.0625365
0,5,20,25,26.1235,23.4109,26.4414,19.2429,24.6745,0.902063,-1.72993,-0.0356432,0.0677688
0,5,25,30,26.02,23.1161,26.9539,18.8721,24.4054,0.51942,-1.6023,-0.0112725,0.0625683
0,5,30,35,25.5288,22.9162,27.1559,20.3062,24.0236,0.459149,-1.38239,-0.00129495,0.0522652
0,5,35,40,25.0404,22.5375,27.3516,20.0647,23.7429,0.709026,-1.17774,-0.00947382,0.0430012
0,5,40,45,24.7951,22.2531,27.4164,20.4183,23.6399,1.20615,-1.03068,-0.0369723,0.0352433
0,5,45,50,24.9519,22.3397,27.0742,19.7655,23.8788,1.72864,-1.00771,-0.0704945,0.0332322
0,5,50,55,25.6119,23.0626,27.6497,20.6897,24.5367,1.98492,-1.25092,-0.0969421,0.0445901
0,5,55,60,25.9649,23.3943,26.8748,20.03,24.848,1.8379,-1.46341,-0.0979279,0.0549314
0,5,60,65,26.3286,23.5431,26.5155,19.161,25.2206,1.39928,-1.65539,-0.0793609,0.0633754
0,5,65,70,26.464,23.6829,27.1263,18.9644,25.211,0.941919,-1.71651,-0.0537122,0.0657874
0,5,70,75,26.1633,23.236,27.9365,19.6279,24.7999,0.485164,-1.62551,-0.0175139,0.0621593
0,5,75,80,25.2598,22.5034,26.9598,19.1192,24.2228,0.422681,-1.37067,-0.0030639,0.0504191
0,5,80,85,25.0063,22.4269,26.7799,20.1694,23.9468,0.718006,-1.15074,-0.0127295,0.0399962
0,5,85,90,24.7832,21.8775,27.7101,19.2106,23.7356,1.16483,-0.985576,-0.0364418,0.0337177
0,5,90,95,25.0571,22.2834,27.1449,19.0277,24.1199,1.73316,-0.968948,-0.0741578,0.0333369
0,5,95,100,25.9537,23.4901,27.2655,20.3176,25.0173,1.97375,-1.19146,-0.0975453,0.0433604
0,5,100,105,26.4904,23.4892,27.424,19.6367,25.5579,1.66549,-1.43731,-0.0872236,0.0551451
0,5,105,110,26.9185,24.2252,26.6201,19.4775,25.9141,1.38896,-1.56231,-0.0740633,0.0593242
0,5,110,115,26.9246,23.62,27.2254,18.3506,26.0315,0.816835,-1.65898,-0.0419914,0.0625558
0,5,115,120,26.2145,22.8171,29.2311,19.1608,25.2929,0.324227,-1.49318,-0.0106321,0.0543655
0,5,120,125,22.0901,18.7791,31.3807,22.1798,21.316,-0.0776019,-1.13117,0.0117519,0.0398123
0,5,125,130,14.8354,12.4304,34.4151,29.4626,14.3225,-0.39627,-0.674459,0.0220038,0.0220583
0,5,130,135,8.1817,6.16861,43.5838,38.6159,7.83145,-0.464699,-0.289175,0.0183299,0.00894518
0,5,135,140,2.8852,0,71.5719,0,2.76976,-0.232869,-0.0437214,0.00503726,0.00153596
5,10,0,5,24.7105,22.1489,27.0771,20.4416,23.5349,1.78711,-1.15773,-0.0660431,0.038754
5,10,5,10,25.2566,22.3002,27.6308,19.0531,24.0543,1.88811,-1.27205,-0.0880394,0.0446719
5,10,10,15,25.6072,22.9067,26.996,20.0032,24.3411,1.74594,-1.46342,-0.0824205,0.0542069
5,10,15,20,25.9609,23.0485,26.3649,18.6412,24.5812,1.46677,-1.66513,-0.0703449,0.0642721
5,10,20,25,26.1375,23.3045,26.1958,18.5904,24.6441,0.978109,-1.72007,-0.0411207,0.0678881
5,10,25,30,25.9989,23.3396,27.137,19.8779,24.4575,0.542504,-1.61596,-0.0130381,0.0634388
5,10,30,35,25.51,22.4911,26.9379,19.0311,23.9753,0.485266,-1.38226,-0.00335428,0.052672
5,10,35,40,25.0431,22.645,26.783,20.5876,23.7565,0.677243,-1.18284,-0.00742794,0.0429867
5,10,40,45,24.8478,22.2829,26.4637,19.9102,23.6694,1.21312,-1.02638,-0.0366102,0.035092
5,10,45,50,24.904,22.0812,27.2217,19.7005,23.8773,1.73642,-1.04601,-0.0720246,0.0359928
5,10,50,55,25.476,22.6048,26.9796,19.5911,24.4147,1.9748,-1.2459,-0.0964699,0.0450422
5,10,55,60,25.9738,23.0456,27.342,19.2569,24.817,1.82373,-1.46333,-0.0967525,0.0552264
5,10,60,65,26.3801,23.5419,26.9327,19.1837,25.1762,1.47045,-1.63461,-0.0841669,0.0625493
5,10,65,70,26.5049,23.7003,26.9186,19.1915,25.3095,0.925702,-1.73736,-0.0523434,0.0666752
5,10,70,75,26.0112,23.0708,27.315,19.0332,24.7789,0.483334,-1.62395,-0.0174885,0.0622518
5,10,75,80,25.4387,22.6782,27.4871,19.745,24.2338,0.442448,-1.36269,-0.00423771,0.049974
5,10,80,85,24.9459,21.9694,27.2516,18.5509,23.9187,0.672656,-1.16152,-0.00872012,0.0409858
5,10,85,90,24.7723,22.0643,26.7557,19.1406,23.7378,1.13758,-0.977141,-0.0344335,0.0332916
5,10,90,95,25.1421,22.3718,27.5893,20.1289,24.2311,1.74828,-0.993608,-0.0757425,0.0343349
5,10,95,100,26.1376,23.2277,27.6901,19.3604,25.1181,1.98208,-1.2277,-0.0991701,0.0450122
5,10,100,105,26.5401,23.436,27.6432,18.5647,25.5935,1.71581,-1.441,-0.0910378,0.055257
5,10,105,110,26.8331,23.7838,26.7412,18.7208,25.9437,1.37066,-1.57121,-0.0719412,0.0598625
5,10,110,115,27.0496,23.95,27.514,18.8617,26.0496,0.851777,-1.64979,-0.0436935,0.0618756
5,10,115,120,26.1973,22.7079,29.4674,18.6789,25.2804,0.305516,-1.4943,-0.0104375,0.0544619
5,10,120,125,22.1884,18.9702,31.8677,22.4646,21.334,-0.0635425,-1.13807,0.011254,0.0399585
5,10,125,130,14.8578,12.2338,35.7002,27.4039,14.3001,-0.423183,-0.671196,0.0233049,0.0220906
5,10,130,135,8.1528,5.91926,44.3844,43.3406,7.84566,-0.498793,-0.28796,0.0206665,0.00877885
5,10,135,140,2.88981,0,72.4337,0,2.7798,-0.251369,-0.0508302,0.00630161,0.00173766
10,15,0,5,24.7349,22.0677,26.9918,19.9915,23.558,1.87614,-1.16516,-0.0729538,0.0393693
10,15,5,10,25.095,22.3163,27.7494,19.4009,24.0508,1.93629,-1.28189,-0.0911579,0.0457534
10,15,10,15,25.746,22.8079,27.5338,19.3088,24.4512,1.81022,-1.52229,-0.0877714,0.0573039
10,15,15,20,25.8448,23.0668,26.8111,19.3899,24.5686,1.50402,-1.64106,-0.0731392,0.0630151
10,15,20,25,26.1061,23.5647,26.5553,19.7353,24.637,0.940135,-1.72882,-0.0391019,0.0685746
10,15,25,30,25.87,23.1521,27.2381,19.4866,24.3408,0.52396,-1.61374,-0.0115811,0.0643737
10,15,30,35,25.4085,22.6298,26.6285,19.1801,24.0373,0.483728,-1.41041,-0.00345489,0.0544776
10,15,35,40,25.1505,22.1807,28.0572,19.5823,23.8505,0.673317,-1.20297,-0.00615203,0.0443406
10,15,40,45,24.7953,22.138,26.8594,19.9798,23.6479,1.23717,-1.04565,-0.0378846,0.0368029
10,15,45,50,24.9795,21.9435,27.4368,18.7043,23.8917,1.74294,-1.04171,-0.0729124,0.0358634
10,15,50,55,25.638,23.0045,27.4908,20.0232,24.5456,1.97057,-1.27222,-0.0962487,0.0464019
10,15,55,60,26.1004,23.2268,27.1119,19.3227,24.9178,1.84218,-1.48615,-0.0985642,0.0562068
10,15,60,65,26.3255,23.3913,26.6167,18.5479,25.1375,1.46295,-1.62772,-0.0829051,0.0622606
10,15,65,70,26.5011,23.8791,27.1474,19.7823,25.3734,0.900038,-1.74388,-0.049662,0.0674893
10,15,70,75,25.9344,23.0429,27.4123,19.2259,24.7587,0.424135,-1.61644,-0.0129071,0.0619863
10,15,75,80,25.4237,22.548,28.4719,20.2898,24.2563,0.450564,-1.38081,-0.00566179,0.0511808
10,15,80,85,25.1663,22.4242,28.0563,19.7528,24.0041,0.72173,-1.19005,-0.0127952,0.0426373
10,15,85,90,24.7689,21.9892,27.3525,19.5235,23.7419,1.14008,-0.972484,-0.0337593,0.0331396
10,15,90,95,25.3062,22.3994,27.7381,19.5172,24.2436,1.71999,-0.984756,-0.0731169,0.0336802
10,15,95,100,26.1783,23.2967,27.5804,19.6471,25.1862,1.93422,-1.23828,-0.0945651,0.0459188
10,15,100,105,26.5088,23.6165,26.8503,18.7043,25.6337,1.67635,-1.43461,-0.0866912,0.0546836
10,15,105,110,27.1063,23.7811,26.8857,17.3937,26.076,1.33736,-1.6108,-0.070203,0.0619042
10,15,110,115,27.2373,24.004,27.4788,18.5229,26.1676,0.840942,-1.68178,-0.0427917,0.0638002
10,15,115,120,26.3178,23.2419,28.2393,20.3879,25.3217,0.306734,-1.50908,-0.0111822,0.0555198
10,15,120,125,22.2421,18.9153,31.6602,22.6516,21.4113,-0.0649315,-1.16045,0.00983982,0.041134
10,15,125,130,14.8595,13.1305,34.9157,33.1549,14.2777,-0.426233,-0.672101,0.0241,0.0221145
10,15,130,135,8.1697,5.99723,44.4694,40.5247,7.80986,-0.500838,-0.292838,0.0200172,0.00916638
10,15,135,140,2.88222,0,73.2578,0,2.78213,-0.253175,-0.0465248,0.00671254,0.00154406
15,20,0,5,24.7138,22.1123,26.9985,19.8015,23.5634,1.83419,-1.18042,-0.0694273,0.0404497
15,20,5,10,25.1175,22.1577,27.5744,19.0451,24.0424,1.93234,-1.30258,-0.0909049,0.0471769
15,20,10,15,25.5261,22.5585,27.5456,19.2882,24.3629,1.84142,-1.50264,-0.089295,0.0568583
15,20,15,20,25.8853,23.3607,26.7291,20.4098,24.6002,1.46299,-1.67764,-0.0711033,0.0655135
15,20,20,25,25.9964,23.4256,25.9098,19.3564,24.5942,0.921723,-1.72529,-0.0380617,0.0688085
15,20,25,30,25.7628,22.8834,26.4258,19.2918,24.3935,0.563681,-1.60399,-0.0142087,0.0635563
15,20,30,35,25.4797,22.8944,26.9568,19.7574,24.0306,0.482507,-1.41909,-0.00293351,0.0554984
15,20,35,40,25.0572,22.3226,26.8614,19.9169,23.8259,0.694957,-1.20503,-0.00783029,0.0452444
15,20,40,45,24.6986,21.7494,27.1374,19.529,23.6303,1.22198,-1.03944,-0.037504,0.036528
15,20,45,50,24.9269,22.1763,27.8603,19.5487,23.9161,1.75682,-1.04296,-0.0730746,0.0362566
15,20,50,55,25.5822,22.8743,27.1079,20.2545,24.524,1.93662,-1.2499,-0.0939851,0.0451187
15,20,55,60,26.068,23.0105,27.4299,18.7413,24.9309,1.81168,-1.48411,-0.096102,0.0564213
15,20,60,65,26.403,23.5941,26.5592,18.5552,25.2001,1.43357,-1.6427,-0.0800292,0.0634663
15,20,65,70,26.5328,23.6831,27.5886,19.5893,25.2994,0.883255,-1.73251,-0.0484068,0.0672456
15,20,70,75,25.911,22.9671,27.4695,19.6821,24.7272,0.431764,-1.61597,-0.0138358,0.062263
15,20,75,80,25.2809,22.287,27.5455,19.0679,24.271,0.360686,-1.37765,0.00127221,0.0511056
15,20,80,85,25.1216,22.1576,27.2707,19.3018,24.0856,0.699441,-1.18078,-0.0103605,0.0415249
15,20,85,90,24.7198,22.1664,27.3848,20.7135,23.8079,1.12508,-1.00931,-0.0327541,0.0357573
15,20,90,95,25.2527,22.3286,27.6273,19.6371,24.3088,1.71599,-1.00831,-0.0722494,0.0351404
15,20,95,100,26.2593,23.2229,28.0456,19.541,25.2273,1.97445,-1.23685,-0.0982182,0.0456023
15,20,100,105,26.707,24.0399,26.8763,19.2487,25.7136,1.74495,-1.46132,-0.092259,0.0561842
15,20,105,110,27.0426,24.1822,26.6455,19.3753,26.1268,1.33051,-1.62015,-0.0694152,0.0623933
15,20,110,115,27.1739,23.9657,27.541,18.539,26.1492,0.829337,-1.66846,-0.0409683,0.0629348
15,20,115,120,26.3043,22.8043,29.2428,18.4063,25.3756,0.209228,-1.51578,-0.00331632,0.0557855
15,20,120,125,22.0233,18.8948,31.8369,23.5157,21.2956,-0.116189,-1.13485,0.0143785,0.0398622
15,20,125,130,14.8302,12.0811,35.8278,28.8903,14.2753,-0.461789,-0.67053,0.0256098,0.0222163
15,20,130,135,8.1715,6.17464,43.7971,32.4023,7.79129,-0.513804,-0.282381,0.0205718,0.00848901
15,20,135,140,2.81163,1.41131,72.7854,64.0862,2.71939,-0.245293,-0.0358605,0.0058488,0.000977456
20,25,0,5,24.6704,22.2676,26.6433,20.3774,23.5569,1.86916,-1.19357,-0.0726097,0.0415884
20,25,5,10,24.9385,22.3968,26.6383,20.5047,23.958,1.92271,-1.2804,-0.0909888,0.0462535
20,25,10,15,25.5144,22.8076,26.6974,19.6812,24.3701,1.8132,-1.49489,-0.0898543,0.0565762
20,25,15,20,25.7939,22.9783,26.6848,18.8643,24.5678,1.53066,-1.66314,-0.0750267,0.0649321
20,25,20,25,26.078,23.2712,26.5298,19.4724,24.7208,0.962864,-1.77068,-0.040668,0.0716997
20,25,25,30,25.7898,23.0033,26.742,19.5231,24.3158,0.532172,-1.62177,-0.0115025,0.0653236
20,25,30,35,25.4674,22.4326,27.485,18.4597,24.0657,0.466938,-1.42983,-0.0010994,0.05619
20,25,35,40,25.0449,22.2981,27.9901,19.4811,23.7843,0.70224,-1.20039,-0.00748358,0.0451545
20,25,40,45,24.9072,22.1447,27.3427,19.5798,23.7345,1.19869,-1.07129,-0.0354091,0.038452
20,25,45,50,24.9855,22.2093,26.8907,19.604,23.9389,1.76864,-1.06178,-0.0751854,0.0371704
20,25,50,55,25.5818,22.785,27.0202,19.7991,24.5661,1.96771,-1.26484,-0.0953237,0.0461414
20,25,55,60,26.0024,23.3007,26.486,20.3668,24.8422,1.81419,-1.46674,-0.0967621,0.0553709
20,25,60,65,26.3811,23.719,26.8789,19.6131,25.2237,1.4058,-1.65541,-0.0785237,0.064032
20,25,65,70,26.4639,23.4276,27.2171,18.6237,25.2845,0.855036,-1.72244,-0.0458008,0.06666
20,25,70,75,25.8916,22.8818,27.2785,18.8224,24.783,0.43907,-1.62698,-0.0139163,0.0628556
20,25,75,80,25.1416,22.1632,27.9548,19.2312,24.1631,0.374697,-1.34683,-3.52731e-06,0.049741
20,25,80,85,24.96,22.2352,27.8161,19.9439,23.9874,0.646124,-1.17492,-0.00783241,0.0423466
20,25,85,90,24.777,21.8326,27.2922,18.9761,23.8305,1.10985,-1.03299,-0.0309958,0.0374217
20,25,90,95,25.2457,22.4154,27.8518,19.7073,24.2882,1.68439,-0.997266,-0.0710734,0.0346327
20,25,95,100,26.4185,23.6205,27.205,19.2757,25.2736,1.89037,-1.25491,-0.0922014,0.0467057
20,25,100,105,26.8145,24.0019,27.0562,18.9382,25.7818,1.66527,-1.49463,-0.0871054,0.0578152
20,25,105,110,27.0738,24.4776,27.2981,19.7745,26.0536,1.31034,-1.61518,-0.0680899,0.0624493
20,25,110,115,27.3338,24.2046,27.9537,18.879,26.1903,0.731989,-1.69175,-0.0351212,0.0642485
20,25,115,120,26.2386,22.9727,28.2357,18.9395,25.3825,0.162941,-1.54356,-0.000761531,0.0575434
20,25,120,125,22.0594,18.8945,31.5823,22.0048,21.2933,-0.126658,-1.13205,0.013725,0.0396736
20,25,125,130,14.7329,12.1519,35.0731,26.3628,14.2019,-0.492514,-0.660351,0.0282393,0.0217117
20,25,130,135,8.0419,6.02024,43.6463,36.8395,7.73152,-0.524723,-0.272996,0.0223284,0.00799093
20,25,135,140,2.79598,0,73.5945,0,2.69619,-0.271209,-0.0341902,0.0076357,0.000854159
25,30,0,5,24.666,22.2698,26.7966,20.3839,23.6311,1.96326,-1.19852,-0.0778347,0.0416489
25,30,5,10,25.0042,22.3428,27.2173,19.8072,24.0575,1.96707,-1.30831,-0.0937723,0.0480586
25,30,10,15,25.65,22.903,27.0869,19.4658,24.5159,1.83939,-1.52379,-0.0904575,0.057911
25,30,15,20,25.8851,23.0181,27.0091,19.4075,24.6376,1.49625,-1.67555,-0.0738796,0.0659168
25,30,20,25,26.0267,23.2348,26.9149,19.0411,24.718,0.988233,-1.75372,-0.0421751,0.0704298
25,30,25,30,25.786,23.0542,26.7273,19.2474,24.3346,0.598335,-1.61444,-0.0170332,0.0647982
25,30,30,35,25.2449,22.4629,26.8296,19.0074,24.0258,0.542024,-1.44168,-0.00680328,0.0573401
25,30,35,40,24.9216,22.0205,27.2655,19.1007,23.8267,0.750744,-1.20936,-0.0119206,0.0456658
25,30,40,45,24.6554,21.8506,26.7648,19.0755,23.6556,1.26028,-1.03348,-0.0386821,0.0364852
25,30,45,50,24.7719,22.166,27.1196,19.705,23.8259,1.7566,-1.01846,-0.0724369,0.0350991
25,30,50,55,25.4805,22.7888,26.9253,19.368,24.5429,1.97381,-1.25713,-0.0948137,0.046039
25,30,55,60,26.1562,23.3707,27.7505,19.5798,24.9793,1.82679,-1.48629,-0.097473,0.0563243
25,30,60,65,26.5082,23.5391,27.5163,18.6995,25.3167,1.402,-1.65862,-0.0789177,0.0640474
25,30,65,70,26.5709,23.602,26.7147,18.9437,25.2965,0.859291,-1.72154,-0.046023,0.0667375
25,30,70,75,25.8232,23.1372,26.8884,19.5837,24.7334,0.389919,-1.60764,-0.0103476,0.0621341
25,30,75,80,25.2913,22.3411,27.8138,18.9942,24.2877,0.347474,-1.3936,0.00199159,0.0527701
25,30,80,85,25.0059,22.1204,27.8876,19.3202,24.0263,0.623088,-1.18343,-0.00560363,0.0430367
25,30,85,90,24.7405,21.9978,26.9499,20.1545,23.8444,1.12284,-1.01752,-0.0324857,0.0365098
25,30,90,95,25.3669,22.6771,27.7905,19.5068,24.38,1.72567,-1.0164,-0.074526,0.0357621
25,30,95,100,26.3273,23.4736,27.4026,19.4318,25.2984,1.93979,-1.27642,-0.0955429,0.0480443
25,30,100,105,26.8352,23.9864,26.9782,19.1951,25.7017,1.66836,-1.47516,-0.0871598,0.0568525
25,30,105,110,27.0852,24.3137,27.0314,19.2688,26.0939,1.30947,-1.62552,-0.0690443,0.0625874
25,30,110,115,27.1477,24.0379,27.6943,19.0868,26.0385,0.740981,-1.68004,-0.0359316,0.0640603
25,30,115,120,26.2017,22.9861,28.5797,18.3817,25.2855,0.212294,-1.52841,-0.00433089,0.0566024
25,30,120,125,22.0222,18.8225,32.1069,22.9853,21.2694,-0.15787,-1.14058,0.0161652,0.0404018
25,30,125,130,14.6099,12.0172,35.4957,27.2952,14.1803,-0.482135,-0.672878,0.0274362,0.0226694
25,30,130,135,7.9886,6.83663,44.1063,47.3475,7.69619,-0.532664,-0.262913,0.0228827,0.00752191
25,30,135,140,2.7444,0,73.0846,0,2.68532,-0.271439,-0.0334065,0.00744907,0.000819913
30,35,0,5,24.747,21.9776,27.5219,19.3761,23.7734,1.93464,-1.24132,-0.0746883,0.0443546
30,35,5,10,25.0433,22.1571,28.0103,19.1917,24.1394,1.93943,-1.31736,-0.0903056,0.0487077
30,35,10,15,25.5476,23.0763,27.1646,20.3732,24.4733,1.84988,-1.51871,-0.0915768,0.0581714
30,35,15,20,25.8227,23.0809,27.1866,19.8766,24.6409,1.46531,-1.67714,-0.0705498,0.0660491
30,35,20,25,26.1425,23.1414,27.9746,19.1196,24.755,0.988257,-1.75983,-0.0432252,0.0710423
30,35,25,30,25.7735,23.2121,27.2745,20.3237,24.4133,0.597704,-1.63552,-0.0161037,0.066363
30,35,30,35,25.4101,22.4209,27.8777,19.2686,24.0733,0.55488,-1.43431,-0.00894833,0.0572562
30,35,35,40,25.0503,22.3456,27.1363,19.2316,23.875,0.803726,-1.22379,-0.0157354,0.0467011
30,35,40,45,24.7221,22.1413,27.2676,19.6112,23.6411,1.30082,-1.04613,-0.0426253,0.0378151
30,35,45,50,24.9858,22.0847,27.721,19.3351,23.995,1.75498,-1.07797,-0.0726474,0.0384824
30,35,50,55,25.713,23.0319,27.5459,19.9857,24.6572,1.9483,-1.28305,-0.0940422,0.0476905
30,35,55,60,26.1312,23.3612,27.366,19.8054,24.9497,1.80523,-1.48059,-0.0962248,0.0566506
30,35,60,65,26.348,23.5309,26.1391,18.7473,25.2074,1.40865,-1.64852,-0.0791347,0.0641404
30,35,65,70,26.379,23.5785,26.946,19.2254,25.2303,0.852154,-1.72499,-0.0472129,0.0677135
30,35,70,75,26.0044,23.0878,27.5629,19.4788,24.7804,0.377744,-1.62513,-0.0104018,0.0635746
30,35,75,80,25.2435,22.6211,27.0743,19.9898,24.2399,0.346398,-1.37281,0.00156228,0.0519219
30,35,80,85,24.9258,22.0382,27.5526,19.0567,24.0054,0.657905,-1.18921,-0.00819621,0.0437331
30,35,85,90,24.7948,22.1187,27.7604,20.2795,23.8444,1.08965,-1.03091,-0.0304672,0.0376957
30,35,90,95,25.2311,22.6862,27.6731,20.155,24.3376,1.69103,-1.04505,-0.0703426,0.0379345
30,35,95,100,26.361,23.6894,26.8775,19.5512,25.3368,1.8889,-1.29905,-0.091811,0.049362
30,35,100,105,26.8135,23.9186,27.0792,19.2761,25.6254,1.62425,-1.47927,-0.0840586,0.057562
30,35,105,110,27.1763,24.3071,26.8072,19.29,26.1051,1.24118,-1.64692,-0.0629843,0.0640202
30,35,110,115,27.1267,23.9271,27.3583,18.4343,26.0683,0.743431,-1.66728,-0.0368306,0.0628716
30,35,115,120,26.2013,21.4704,28.8238,17.6763,25.2531,0.173207,-1.51713,-0.00155641,0.0562214
30,35,120,125,22.0358,18.6229,32.2619,21.7878,21.2615,-0.127267,-1.15319,0.0137103,0.0412019
30,35,125,130,14.6044,12.0628,35.588,29.0506,14.1381,-0.45356,-0.673761,0.0247664,0.0228944
30,35,130,135,7.9717,5.87003,45.2732,41.7951,7.69062,-0.545742,-0.2683,0.0234631,0.00779904
30,35,135,140,2.74316,0,73.4361,0,2.68864,-0.270286,-0.0312019,0.00774688,0.000639845
35,40,0,5,24.7335,22.0037,26.6937,19.6737,23.777,1.98428,-1.21769,-0.0782889,0.0428049
35,40,5,10,25.1658,22.2998,27.4256,19.2708,24.207,1.92883,-1.31263,-0.0897118,0.0483597
35,40,10,15,25.6841,22.9564,26.7644,19.1158,24.5252,1.85654,-1.50473,-0.0917233,0.0576773
35,40,15,20,25.9226,23.1178,26.2328,18.9164,24.6794,1.51599,-1.6804,-0.076133,0.0665735
35,40,20,25,26.1142,23.0708,27.2031,18.7355,24.7549,1.00733,-1.75448,-0.0446687,0.0712505
35,40,25,30,25.811,22.8902,27.5385,18.5838,24.4584,0.611528,-1.6326,-0.01876,0.0665683
35,40,30,35,25.148,22.652,27.4995,20.5833,23.9863,0.603732,-1.40178,-0.0118366,0.0554722
35,40,35,40,24.9046,22.1234,27.2479,19.8235,23.8345,0.829345,-1.20845,-0.0159694,0.0462076
35,40,40,45,24.6572,21.8164,26.5502,19.0957,23.6945,1.3321,-1.03483,-0.0442502,0.0371539
35,40,45,50,24.9553,19.9892,26.7786,27.8465,24.027,1.7989,-1.0602,-0.0753982,0.0375302
35,40,50,55,25.7744,22.8055,26.8253,18.7868,24.7054,1.96305,-1.30431,-0.0950498,0.0488186
35,40,55,60,26.3728,23.4721,27.459,19.061,25.0833,1.74637,-1.51037,-0.0912688,0.0580712
35,40,60,65,26.5279,23.6128,27.0035,18.9725,25.323,1.34904,-1.68408,-0.0763034,0.0661834
35,40,65,70,26.4721,23.6493,26.9661,18.9208,25.3006,0.827428,-1.73739,-0.0460892,0.068125
35,40,70,75,25.9784,22.9573,27.4743,19.0334,24.7232,0.370233,-1.60996,-0.0112688,0.0629135
35,40,75,80,25.1241,22.2595,29.1231,19.7957,24.259,0.362879,-1.3943,-0.000481823,0.0532688
35,40,80,85,24.7785,21.9971,27.7663,19.8974,23.8751,0.641837,-1.16648,-0.00738382,0.0429172
35,40,85,90,24.878,21.9272,27.7114,19.1932,23.8065,1.14137,-1.03577,-0.0349508,0.0378729
35,40,90,95,25.386,22.7401,27.5082,20.2501,24.3668,1.70912,-1.07002,-0.0727985,0.0393705
35,40,95,100,26.4761,23.6142,27.5345,19.1762,25.3043,1.92224,-1.29861,-0.0940914,0.0496008
35,40,100,105,27.0836,24.125,27.241,19.0794,25.8245,1.65971,-1.54054,-0.0859077,0.0604248
35,40,105,110,27.3114,24.1802,26.8105,18.8624,26.1499,1.28092,-1.67077,-0.0672136,0.065028
35,40,110,115,27.2321,24.1703,27.1764,18.3818,26.0613,0.686579,-1.69236,-0.0337255,0.0646446
35,40,115,120,26.3927,22.9348,29.8882,18.4293,25.2917,0.139539,-1.52365,-0.000499337,0.0563744
35,40,120,125,21.8804,18.5438,32.3315,22.94,21.1565,-0.173972,-1.14046,0.0180462,0.0408754
35,40,125,130,14.4985,12.2479,35.445,29.378,14.0829,-0.50154,-0.670929,0.0285418,0.0229427
35,40,130,135,7.9393,6.06882,43.6613,45.5312,7.62327,-0.539102,-0.259643,0.0233779,0.00769393
35,40,135,140,2.71899,1.41132,73.3924,64.0907,2.65699,-0.285149,-0.0267822,0.00882893,0.0003899
40,45,0,5,24.8264,22.1546,27.2166,20.0842,23.8649,1.97346,-1.23149,-0.076819,0.0432793
40,45,5,10,25.0812,22.4812,27.3659,20.3795,24.2968,2.01084,-1.32621,-0.0956971,0.0491387
40,45,10,15,25.7958,23.0903,27.2593,19.6287,24.6395,1.82542,-1.52989,-0.0879981,0.0589587
40,45,15,20,26.1911,23.3043,26.6798,18.9758,24.8661,1.51587,-1.71015,-0.0734709,0.0684217
40,45,20,25,26.1685,23.383,27.0073,18.9902,24.8222,0.974997,-1.76856,-0.0424848,0.0720961
40,45,25,30,25.9827,23.3012,28.0129,19.8853,24.5274,0.660493,-1.63958,-0.0212518,0.066657
40,45,30,35,25.3463,22.5049,27.857,19.6029,24.0845,0.621043,-1.41018,-0.0112311,0.0558426
40,45,35,40,24.9485,22.1672,27.2099,19.3363,23.8713,0.818304,-1.19955,-0.0160131,0.045875
40,45,40,45,24.8631,22.2518,27.5008,20.0085,23.8416,1.2553,-1.07168,-0.0387025,0.0390427
40,45,45,50,24.8863,22.3833,27.2947,20.333,24.0397,1.78392,-1.07748,-0.0744299,0.0388366
40,45,50,55,25.7676,22.9857,27.0917,19.3944,24.6887,1.95083,-1.28868,-0.094227,0.0480761
40,45,55,60,26.2455,23.5675,26.8335,19.43,25.0007,1.77324,-1.49132,-0.0944382,0.0569976
40,45,60,65,26.6419,23.7327,27.2108,19.2079,25.2782,1.34987,-1.67179,-0.0755668,0.065599
40,45,65,70,26.4969,23.6335,26.9749,19.1915,25.2001,0.853216,-1.72223,-0.0480178,0.0678122
40,45,70,75,25.7515,23.1327,27.2195,20.2172,24.5639,0.373113,-1.56911,-0.0116984,0.0608786
40,45,75,80,25.1149,22.1738,27.6152,19.5347,24.1431,0.411744,-1.363,-0.00361953,0.0520475
40,45,80,85,24.8698,22.031,27.6233,20.2488,23.9644,0.658,-1.20388,-0.0090468,0.0451544
40,45,85,90,24.6719,22.0536,27.171,20.1112,23.7794,1.13587,-1.03119,-0.0338206,0.0378405
40,45,90,95,25.4185,22.6143,27.2865,19.4608,24.4776,1.77627,-1.07473,-0.0773625,0.0391815
40,45,95,100,26.5245,23.417,26.6241,18.4946,25.3995,1.93654,-1.34421,-0.0953404,0.0518813
40,45,100,105,27.0168,24.0117,27.3434,18.4166,25.8236,1.68734,-1.54651,-0.0883982,0.0609068
40,45,105,110,27.3696,24.3619,27.1542,18.434,26.1823,1.21559,-1.70115,-0.0627766,0.0668389
40,45,110,115,27.2142,24.1508,27.3226,19.0994,26.0967,0.675028,-1.73468,-0.0331288,0.0671376
40,45,115,120,26.1592,22.8985,29.3616,19.0009,25.1124,0.119313,-1.5143,0.000576682,0.0563754
40,45,120,125,21.9633,18.7323,33.4702,24.4113,21.1651,-0.203715,-1.1582,0.0195815,0.0421638
40,45,125,130,14.5357,12.0363,34.9453,26.3159,14.114,-0.522151,-0.673528,0.0289895,0.0232915
40,45,130,135,7.8173,5.78187,44.7999,38.1662,7.57258,-0.57063,-0.259247,0.0255364,0.00789309
40,45,135,140,2.70295,0,73.9115,0,2.61407,-0.265502,-0.0177432,0.0073521,-5.61041e-06
45,50,0,5,24.8328,22.1322,26.5903,19.5092,23.9612,1.98582,-1.24367,-0.0749771,0.0445064
45,50,5,10,25.072,22.3772,27.0137,19.6775,24.3289,1.98472,-1.31687,-0.0917163,0.0486741
45,50,10,15,25.868,23.1527,26.7313,19.1425,24.7101,1.85159,-1.53916,-0.0904824,0.0598799
45,50,15,20,26.3072,23.4059,27.2701,19.2521,24.9711,1.5125,-1.72964,-0.0742928,0.0693368
45,50,20,25,26.2402,23.4404,26.5696,19.0256,24.8671,0.992411,-1.75744,-0.0423351,0.0717859
45,50,25,30,26.0466,23.1247,27.2263,19.0444,24.5323,0.687403,-1.62361,-0.022559,0.0659475
45,50,30,35,25.3339,22.6134,27.5116,19.8386,24.1258,0.617549,-1.4188,-0.0113834,0.0567106
45,50,35,40,24.9385,22.4234,27.173,19.9767,23.9297,0.858293,-1.22728,-0.0180186,0.0476698
45,50,40,45,24.7151,22.1702,26.9975,20.1146,23.8155,1.33788,-1.08192,-0.0447375,0.0399598
45,50,45,50,24.9068,22.1328,27.3992,19.1476,24.0545,1.74095,-1.0818,-0.0724746,0.0389161
45,50,50,55,25.8359,22.8679,27.4688,18.9942,24.7093,1.93231,-1.31676,-0.0932471,0.0498609
45,50,55,60,26.2951,23.692,26.7476,19.3862,25.0431,1.73125,-1.52474,-0.0912871,0.0594761
45,50,60,65,26.5282,23.5436,26.778,18.3064,25.2257,1.36885,-1.66401,-0.0773877,0.0656774
45,50,65,70,26.5109,23.7691,26.7132,18.6857,25.2389,0.83552,-1.74211,-0.0477455,0.0688438
45,50,70,75,25.8539,22.74,28.0463,19.2227,24.6463,0.368856,-1.60376,-0.0116805,0.0631571
45,50,75,80,25.0272,22.316,27.0767,19.5941,24.0463,0.372652,-1.35336,-0.00263819,0.0517064
45,50,80,85,24.7439,21.8984,26.8235,19.3326,23.8691,0.689903,-1.17535,-0.0122099,0.0436282
45,50,85,90,24.8153,21.9896,28.1687,20.3822,23.7799,1.14704,-1.04551,-0.0363555,0.0387404
45,50,90,95,25.3888,22.8588,27.3354,20.7214,24.3917,1.75601,-1.08441,-0.0762758,0.0400358
45,50,95,100,26.7086,23.6164,27.5854,19.2811,25.4971,1.92718,-1.36427,-0.0946438,0.0527668
45,50,100,105,27.1541,24.2522,26.8649,18.4712,25.8409,1.62739,-1.57119,-0.084734,0.0623392
45,50,105,110,27.4089,24.4647,26.5669,18.7514,26.2046,1.21372,-1.70737,-0.0636549,0.0668672
45,50,110,115,27.2546,24.3405,27.1309,18.7912,26.0779,0.624814,-1.764,-0.0305379,0.0688995
45,50,115,120,26.1891,23.0527,28.7128,20.6007,25.2074,0.0563409,-1.57011,0.00393325,0.060112
45,50,120,125,21.9493,18.7544,32.3992,23.37,21.1806,-0.239794,-1.16656,0.0205632,0.0428457
45,50,125,130,14.515,11.9511,35.4962,27.873,14.0547,-0.53273,-0.675553,0.0296702,0.0236206
45,50,130,135,7.9083,5.85018,43.8872,47.2793,7.62457,-0.562665,-0.266318,0.024645,0.00827975
45,50,135,140,2.65587,1.41132,74.6314,64.0916,2.60725,-0.27453,-0.0117114,0.00817053,-0.000249556
50,55,0,5,25.0396,22.5081,27.3796,20.0325,24.1765,2.06269,-1.27606,-0.0804556,0.0456327
50,55,5,10,25.2523,22.4067,27.1313,19.304,24.5324,2.03672,-1.35032,-0.0955624,0.0500805
50,55,10,15,26.0346,23.4589,27.3783,19.8856,24.8681,1.88234,-1.56555,-0.0924343,0.0607422
50,55,15,20,26.3684,23.6984,26.9969,19.1472,25.0384,1.5132,-1.73815,-0.0739722,0.0701065
50,55,20,25,26.4406,23.6135,27.2145,19.4125,24.9903,1.00781,-1.79564,-0.0441348,0.074239
50,55,25,30,26.0625,23.3168,27.3329,19.5427,24.5394,0.688663,-1.64616,-0.02274,0.0679983
50,55,30,35,25.4553,23.0466,27.2804,20.628,24.1777,0.662372,-1.45158,-0.0131598,0.0590152
50,55,35,40,25.0525,22.211,27.3918,19.4876,23.9451,0.876345,-1.2379,-0.018559,0.0485224
50,55,40,45,24.7879,22.0522,27.1948,19.6673,23.9086,1.37263,-1.09282,-0.0459602,0.0401242
50,55,45,50,25.0003,22.1937,26.8831,19.3194,24.2007,1.81749,-1.11171,-0.0769275,0.0399837
50,55,50,55,25.9133,23.0341,27.4976,20.0354,24.8141,1.98491,-1.33016,-0.0980816,0.0502207
50,55,55,60,26.5935,23.8731,27.1666,19.3215,25.2157,1.78794,-1.57487,-0.0943467,0.0618483
50,55,60,65,26.6937,23.8506,27.316,19.1885,25.3186,1.34513,-1.71368,-0.0764849,0.0682229
50,55,65,70,26.6933,23.8138,26.6126,18.7933,25.2961,0.817528,-1.77763,-0.0469704,0.0710616
50,55,70,75,25.9391,23.1722,27.5625,20.1461,24.6672,0.346116,-1.63494,-0.00995108,0.0650818
50,55,75,80,25.0662,22.3864,27.3806,19.5454,24.0482,0.359075,-1.37812,-0.00168957,0.0534585
50,55,80,85,24.8448,21.9426,28.1763,19.4892,23.8759,0.665436,-1.19752,-0.0108007,0.0452607
50,55,85,90,24.7533,21.9699,27.226,19.5383,23.8096,1.14651,-1.05797,-0.0361823,0.039605
50,55,90,95,25.4069,22.5915,27.7862,19.714,24.4443,1.78833,-1.10804,-0.0787376,0.041484
50,55,95,100,26.7647,23.853,26.8676,19.3083,25.5227,1.94795,-1.39477,-0.0977781,0.054601
50,55,100,105,27.2671,24.153,26.4432,26.5145,25.8912,1.6122,-1.59894,-0.0848625,0.0638718
50,55,105,110,27.5784,24.5182,27.0297,18.1195,26.287,1.22343,-1.74578,-0.0665916,0.0689819
50,55,110,115,27.4309,24.4228,26.8043,18.7136,26.2389,0.586525,-1.78721,-0.0289261,0.0700401
50,55,115,120,26.1585,22.9381,28.5553,19.2446,25.1777,0.0775837,-1.55248,0.00103443,0.0590937
50,55,120,125,21.7657,18.2596,32.4477,22.067,21.149,-0.230239,-1.18089,0.0198687,0.0439372
50,55,125,130,14.5558,11.7974,35.7215,28.1421,14.1444,-0.528715,-0.7024,0.0300763,0.0251575
50,55,130,135,7.8965,5.77832,44.48,45.6492,7.63163,-0.579799,-0.265056,0.0266281,0.0081316
50,55,135,140,2.6621,0,73.7607,0,2.60548,-0.275169,-0.00489594,0.00838478,-0.00050088
55,60,0,5,25.0505,22.2399,28.1009,20.0598,24.2385,2.0331,-1.28075,-0.0784637,0.0455859
55,60,5,10,25.2115,22.4418,27.1028,19.8633,24.5742,1.99492,-1.36085,-0.0913931,0.0509128
55,60,10,15,26.0203,23.1311,26.9415,19.0144,24.8976,1.86148,-1.5803,-0.0911477,0.0620547
55,60,15,20,26.3226,23.5887,26.7018,19.3579,25.0028,1.52504,-1.73481,-0.0752021,0.0703887
55,60,20,25,26.366,23.5904,26.7135,19.0681,24.9028,1.02391,-1.78306,-0.0448407,0.074256
55,60,25,30,26.0797,23.257,26.735,19.2408,24.5849,0.704204,-1.65026,-0.0229505,0.0686025
55,60,30,35,25.5982,23.0637,27.2918,20.2872,24.2505,0.737439,-1.46436,-0.0182867,0.0598045
55,60,35,40,25.0163,22.05,27.667,19.1361,24.0707,0.941545,-1.24856,-0.0234298,0.0485886
55,60,40,45,24.7572,22.1299,26.3562,19.6251,23.9364,1.38921,-1.09286,-0.0466227,0.040235
55,60,45,50,25.1963,22.2081,27.65,19.2237,24.3208,1.85005,-1.14698,-0.0789973,0.0420243
55,60,50,55,26.0223,23.2374,27.1327,19.5794,24.9178,1.97121,-1.36474,-0.0962661,0.0519588
55,60,55,60,26.441,23.6641,26.8883,19.6075,25.1659,1.76962,-1.57414,-0.095779,0.0621274
55,60,60,65,26.7981,23.6718,26.7984,18.6015,25.4169,1.36424,-1.74191,-0.0790124,0.0695909
55,60,65,70,26.6347,22.941,26.8654,23.8505,25.3015,0.802619,-1.79609,-0.0461903,0.0723583
55,60,70,75,25.9308,23.2021,27.9353,19.7936,24.6154,0.323236,-1.64465,-0.00827778,0.0662254
55,60,75,80,25.1623,22.6245,27.7387,20.4017,24.1362,0.401256,-1.38767,-0.00370346,0.0538416
55,60,80,85,24.9612,22.1084,28.1889,20.3835,24.0477,0.687427,-1.25545,-0.0117508,0.0484129
55,60,85,90,24.8712,22.2703,26.6715,19.7426,23.9484,1.22296,-1.06748,-0.0406097,0.0400251
55,60,90,95,25.4483,22.8426,26.7515,19.7667,24.5052,1.8045,-1.10636,-0.0802637,0.0413807
55,60,95,100,26.8503,23.9524,26.8199,18.9766,25.6374,1.91748,-1.41998,-0.0953535,0.055429
55,60,100,105,27.5326,24.4754,26.8543,18.3914,26.0685,1.65904,-1.63045,-0.0890381,0.0653665
55,60,105,110,27.6681,24.5832,27.0282,18.5298,26.3424,1.21358,-1.75447,-0.065964,0.0694937
55,60,110,115,27.6118,24.3502,27.4023,18.3397,26.3033,0.585342,-1.79385,-0.0295718,0.0701983
55,60,115,120,26.43,23.0771,29.4037,19.3593,25.3305,0.0401703,-1.58668,0.00544419,0.0605588
55,60,120,125,21.7923,18.5089,32.2522,22.4507,21.1738,-0.193783,-1.1834,0.0170272,0.0443673
55,60,125,130,14.5798,11.9584,35.4191,29.9176,14.1394,-0.568852,-0.692593,0.032631,0.0246037
55,60,130,135,7.8607,5.77479,44.4671,43.4453,7.61468,-0.56451,-0.255027,0.0250623,0.00763182
55,60,135,140,2.67918,0,74.1483,0,2.61095,-0.27147,-0.00980292,0.0085012,-0.000328202
60,65,0,5,24.9128,22.0709,26.9754,19.2093,24.2876,2.10519,-1.29871,-0.082301,0.0461292
60,65,5,10,25.3055,22.6413,27.3489,19.5568,24.5964,2.0352,-1.3724,-0.0947769,0.0510557
60,65,10,15,26.1037,23.3736,26.6956,19.5252,24.9843,1.89557,-1.58652,-0.0927875,0.0619297
60,65,15,20,26.5101,23.9482,26.8884,19.3369,25.0786,1.53315,-1.75631,-0.0759263,0.0716776
60,65,20,25,26.5504,23.903,26.8231,19.7916,24.9736,1.04681,-1.81176,-0.0463868,0.0764598
60,65,25,30,26.2455,23.2072,26.7707,18.8235,24.7128,0.761459,-1.69705,-0.0277636,0.0715401
60,65,30,35,25.5674,22.6609,28.085,18.9888,24.2848,0.702123,-1.45855,-0.0160326,0.0596571
60,65,35,40,25.015,22.1161,27.5142,19.2902,24.114,0.927173,-1.27366,-0.0219367,0.0504979
60,65,40,45,24.8548,22.2029,27.0926,19.3748,24.0431,1.42458,-1.11961,-0.0489115,0.0411943
60,65,45,50,25.0852,22.41,27.4977,19.7912,24.3997,1.85506,-1.16937,-0.079095,0.042988
60,65,50,55,26.0299,23.0529,27.3824,18.9334,25.0513,1.98282,-1.40946,-0.0970782,0.0538623
60,65,55,60,26.7621,23.8391,26.8421,18.7373,25.3236,1.75795,-1.61311,-0.0938807,0.0635234
60,65,60,65,26.8376,24.1097,26.7467,19.0216,25.4813,1.40818,-1.76293,-0.0824043,0.0707609
60,65,65,70,26.7439,24.0387,26.9258,19.2583,25.4048,0.81077,-1.8359,-0.0465496,0.0747792
60,65,70,75,26.0668,22.9547,27.3179,18.3143,24.7104,0.3842,-1.65895,-0.0126761,0.0671462
60,65,75,80,25.3744,22.3674,28.5806,19.7443,24.3139,0.423744,-1.44951,-0.00514564,0.057207
60,65,80,85,24.9946,22.3528,27.6633,20.0292,24.1172,0.736337,-1.25345,-0.015914,0.0479542
60,65,85,90,24.9678,22.3194,27.1694,19.7571,24.0578,1.24311,-1.11412,-0.042988,0.0423288
60,65,90,95,25.7406,22.8361,27.5893,19.5496,24.7373,1.82722,-1.15052,-0.0809762,0.0431151
60,65,95,100,27.1185,24.0658,27.5048,18.6135,25.8734,1.97965,-1.48763,-0.0990745,0.0588968
60,65,100,105,27.7496,24.7855,27.1282,18.679,26.3023,1.68609,-1.68146,-0.0908157,0.0675612
60,65,105,110,27.8084,24.886,26.6241,18.8048,26.5305,1.21237,-1.79566,-0.0666696,0.0715768
60,65,110,115,27.8223,24.323,27.3989,17.4587,26.5473,0.598845,-1.8456,-0.0305475,0.0726214
60,65,115,120,26.5677,23.0035,29.0195,18.4308,25.4608,0.0739861,-1.61111,0.00223989,0.0618099
60,65,120,125,22.0306,18.6034,32.8668,20.9141,21.3315,-0.229903,-1.20781,0.0186986,0.0452883
60,65,125,130,14.5603,11.9932,35.3856,29.475,14.1512,-0.510889,-0.700258,0.0281472,0.0252582
60,65,130,135,7.8557,6.61174,45.5464,50.8437,7.64519,-0.595147,-0.262697,0.0275481,0.00800453
60,65,135,140,2.64897,0,74.3022,0,2.62145,-0.268245,-0.00821208,0.00781065,-0.000422798
65,70,0,5,25.0584,22.2196,27.4324,19.2735,24.3365,2.10704,-1.31781,-0.0828637,0.0465208
65,70,5,10,25.4389,22.508,27.9079,19.4525,24.7222,2.04407,-1.4065,-0.0958037,0.0525181
65,70,10,15,26.165,23.3294,26.7883,18.9572,24.9197,1.83467,-1.59618,-0.0869977,0.0629644
65,70,15,20,26.6202,23.5499,27.2866,18.9027,25.1437,1.55861,-1.77407,-0.0771399,0.0725445
65,70,20,25,26.6755,23.7841,27.0719,18.7176,25.0511,1.08772,-1.82773,-0.0500231,0.0771044
65,70,25,30,26.3246,23.436,27.0132,19.6559,24.7468,0.747369,-1.70019,-0.0249612,0.0718984
65,70,30,35,25.5219,22.7761,26.527,19.693,24.2996,0.744425,-1.45825,-0.0176124,0.0596716
65,70,35,40,25.133,22.4271,26.4347,19.5423,24.2591,0.983194,-1.29873,-0.024358,0.0515346
65,70,40,45,24.9859,22.2374,26.9237,19.2882,24.2119,1.46023,-1.14949,-0.0511677,0.0426235
65,70,45,50,25.1427,22.5439,26.6869,20.123,24.4862,1.87803,-1.19245,-0.0798235,0.0438836
65,70,50,55,26.2406,23.5105,27.0827,19.51,25.2665,1.97128,-1.44897,-0.0961992,0.0556354
65,70,55,60,26.867,24.1763,25.2639,18.2528,25.5148,1.78708,-1.63698,-0.0957946,0.0644205
65,70,60,65,27.1962,24.3914,26.6074,19.1355,25.6659,1.37348,-1.81296,-0.0799427,0.0735876
65,70,65,70,26.9806,24.1053,26.8453,18.8743,25.5923,0.785808,-1.88555,-0.0441959,0.0773097
65,70,70,75,26.3429,23.2556,27.2169,18.3829,24.9248,0.406,-1.71436,-0.0132583,0.0698816
65,70,75,80,25.3254,22.4012,27.3014,19.011,24.3554,0.47108,-1.43407,-0.00643175,0.0560169
65,70,80,85,25.152,22.1833,27.5396,19.1611,24.2182,0.774688,-1.26513,-0.0175692,0.0486911
65,70,85,90,24.9318,22.1724,26.9131,19.6723,24.0673,1.3114,-1.08877,-0.0469487,0.0410512
65,70,90,95,25.6976,22.7848,27.4515,19.1225,24.8646,1.87604,-1.18427,-0.0842692,0.0450654
65,70,95,100,27.1482,24.1199,26.7152,18.5457,25.9347,2.01141,-1.48426,-0.101965,0.058412
65,70,100,105,27.8368,24.1804,26.8263,34.8465,26.4153,1.73877,-1.714,-0.0949147,0.0696487
65,70,105,110,28.2543,25.2952,27.2245,18.154,26.7605,1.25429,-1.84294,-0.0691212,0.0738524
65,70,110,115,28.163,24.8984,27.5563,18.5639,26.6988,0.584541,-1.89391,-0.0298365,0.0752009
65,70,115,120,26.6592,23.2578,29.0854,18.8239,25.6176,0.0620491,-1.64139,0.00255092,0.0632626
65,70,120,125,22.156,18.9856,32.1203,23.3352,21.3937,-0.221015,-1.22018,0.0190294,0.0458222
65,70,125,130,14.5829,12.1467,35.1265,25.5221,14.2558,-0.558164,-0.724723,0.0317087,0.0266592
65,70,130,135,7.9285,6.02076,44.9535,32.661,7.62916,-0.607497,-0.266701,0.0282941,0.00869604
65,70,135,140,2.65095,1.41132,75.0703,64.0924,2.60288,-0.275219,-0.00495117,0.0084978,-0.000604373
70,75,0,5,25.0849,22.3259,27.3378,19.8485,24.4521,2.16527,-1.33794,-0.0861561,0.0477486
70,75,5,10,25.499,22.7085,27.2785,18.9163,24.7708,2.06628,-1.42705,-0.0954473,0.0537997
70,75,10,15,26.3622,23.6032,27.1437,18.8656,25.1533,1.86399,-1.65637,-0.08927,0.0658329
70,75,15,20,26.698,23.906,26.602,18.9693,25.2289,1.53914,-1.80696,-0.0763505,0.0746515
70,75,20,25,26.847,23.9952,26.2411,18.5608,25.1434,1.08489,-1.86586,-0.0475688,0.0793268
70,75,25,30,26.5122,23.9271,26.9974,19.8352,24.82,0.782907,-1.73116,-0.0270459,0.0737096
70,75,30,35,25.7325,23.0182,26.7797,19.195,24.4904,0.799679,-1.51786,-0.0202734,0.0628927
70,75,35,40,25.1534,22.4647,26.9002,19.7246,24.3502,1.05846,-1.28797,-0.0270676,0.0506959
70,75,40,45,25.1389,22.3242,27.4992,19.5655,24.4065,1.52685,-1.16961,-0.0535107,0.0431239
70,75,45,50,25.2955,22.5655,26.894,19.4825,24.685,1.9594,-1.20873,-0.0848228,0.0442332
70,75,50,55,26.3495,23.7099,27.0221,19.8667,25.4161,2.03251,-1.48564,-0.0995908,0.0573342
70,75,55,60,27.0828,24.029,26.7194,18.099,25.692,1.84602,-1.67283,-0.0982437,0.0662809
70,75,60,65,27.3642,24.6451,26.1573,19.481,25.8957,1.42859,-1.85251,-0.0822775,0.0751376
70,75,65,70,27.5315,24.4816,26.6895,18.2836,25.9089,0.850996,-1.93428,-0.0465276,0.0795025
70,75,70,75,26.5556,23.7499,27.7412,19.3796,25.131,0.459429,-1.73704,-0.01536,0.0706953
70,75,75,80,25.6431,22.4061,27.758,18.3579,24.6054,0.524614,-1.48484,-0.00951901,0.058878
70,75,80,85,25.1237,22.2794,26.8857,19.6604,24.283,0.804851,-1.27266,-0.0162092,0.0490564
70,75,85,90,25.1376,22.5401,26.5673,19.703,24.2566,1.34902,-1.15636,-0.0482907,0.0445772
70,75,90,95,25.9894,23.1008,27.5108,19.8699,25.0062,1.95761,-1.2258,-0.0909689,0.0468017
70,75,95,100,27.5472,24.4535,27.6353,18.7305,26.191,2.06086,-1.5535,-0.105164,0.0620283
70,75,100,105,28.179,24.9211,27.3736,18.0604,26.5937,1.7516,-1.76002,-0.0962919,0.0713894
70,75,105,110,28.3455,25.3941,26.974,18.7633,26.9171,1.26913,-1.89024,-0.070703,0.0757716
70,75,110,115,28.1201,25.1371,26.6997,19.0418,26.7574,0.631976,-1.90915,-0.0343019,0.0756998
70,75,115,120,26.957,23.5251,28.7575,19.2033,25.7057,0.0243742,-1.69685,0.00416448,0.0664099
70,75,120,125,22.3074,18.8471,32.831,22.1789,21.5025,-0.245368,-1.26509,0.0186488,0.048424
70,75,125,130,14.7054,12.2117,35.6363,29.6844,14.3046,-0.577754,-0.757586,0.0332391,0.0284084
70,75,130,135,7.825,5.92625,44.2198,33.7018,7.59415,-0.634795,-0.252926,0.030287,0.00774219
70,75,135,140,2.55421,0,76.7509,0,2.54355,-0.291639,0.00385579,0.00935592,-0.000995525
75,80,0,5,25.2864,22.5784,26.9762,19.5947,24.7678,2.1808,-1.37649,-0.0853889,0.0490918
75,80,5,10,25.7036,23.385,26.701,20.6299,25.054,2.14095,-1.44911,-0.0985188,0.054241
75,80,10,15,26.5999,23.9268,26.7838,19.0388,25.3875,1.98371,-1.66237,-0.0957249,0.065327
75,80,15,20,27.1099,24.2868,26.6952,18.7465,25.5594,1.59894,-1.84104,-0.077418,0.075689
75,80,20,25,27.1562,24.2857,26.1673,18.2983,25.4426,1.15158,-1.90128,-0.0512469,0.0811011
75,80,25,30,26.96,24.2351,27.1832,19.5645,25.165,0.839558,-1.76949,-0.0284459,0.0751792
75,80,30,35,26.0487,23.0596,27.5506,19.5681,24.6948,0.89078,-1.53055,-0.0241025,0.0634841
75,80,35,40,25.2592,22.7268,26.5999,19.8441,24.4941,1.09594,-1.29778,-0.0294643,0.0506218
75,80,40,45,25.1175,22.2446,27.3343,19.525,24.4421,1.56345,-1.17348,-0.05379,0.0434994
75,80,45,50,25.6325,22.8051,27.1723,19.8492,24.8978,1.97878,-1.24972,-0.0854172,0.0459151
75,80,50,55,26.6054,23.7797,27.0917,19.7213,25.5634,2.0727,-1.49192,-0.10099,0.0571899
75,80,55,60,27.2499,24.1896,26.8482,18.233,25.8914,1.82921,-1.69715,-0.0963779,0.0666494
75,80,60,65,27.6571,24.8556,26.4704,18.6013,26.0592,1.44111,-1.88165,-0.0822889,0.0762147
75,80,65,70,27.5433,24.5904,26.4293,18.9545,25.9679,0.912104,-1.95493,-0.0526141,0.0805279
75,80,70,75,26.8099,23.86,27.0685,19.0921,25.2988,0.511802,-1.79337,-0.0205175,0.0738143
75,80,75,80,25.5746,22.9028,27.4212,19.7703,24.6199,0.481881,-1.49449,-0.00653368,0.0592684
75,80,80,85,25.2742,22.2005,27.3138,19.1625,24.4097,0.812838,-1.32154,-0.0183932,0.0515362
75,80,85,90,25.2841,22.2915,27.4194,18.7816,24.3819,1.36029,-1.17023,-0.0494518,0.0447455
75,80,90,95,26.0911,23.1107,27.0806,18.9378,25.0059,1.93449,-1.24503,-0.0885303,0.047549
75,80,95,100,27.6846,24.2818,27.5274,17.8972,26.2145,2.08219,-1.57508,-0.10749,0.0625711
75,80,100,105,28.2738,25.1374,27.3879,18.9795,26.6885,1.74627,-1.78882,-0.0953033,0.0724093
75,80,105,110,28.3727,25.0939,26.0283,17.1147,26.8788,1.25735,-1.89654,-0.0717183,0.0760695
75,80,110,115,28.1581,25.0554,26.6604,18.7432,26.8005,0.557227,-1.9674,-0.0307341,0.0787938
75,80,115,120,26.7958,23.2867,28.3479,18.2465,25.628,0.00873701,-1.70553,0.00443485,0.0672448
75,80,120,125,22.1602,18.9887,32.0384,23.637,21.4173,-0.303544,-1.27621,0.0237955,0.0492959
75,80,125,130,14.625,11.8833,35.5859,28.1322,14.2319,-0.563264,-0.74309,0.031616,0.0277585
75,80,130,135,7.8024,5.76877,45.9994,44.8964,7.52386,-0.601217,-0.250652,0.0273465,0.00789966
75,80,135,140,2.54624,0,76.5046,0,2.52411,-0.2888,0.00549276,0.00929336,-0.00112614
80,85,0,5,25.7083,23.2513,26.5633,19.9712,25.1868,2.25177,-1.38722,-0.0901211,0.0486717
80,85,5,10,26.2079,23.4347,27.0277,19.0895,25.5676,2.18099,-1.48441,-0.101367,0.0551082
80,85,10,15,27.1792,24.3124,27.2353,18.9974,25.9217,2.05225,-1.72802,-0.101293,0.0680935
80,85,15,20,27.6138,24.7221,26.5479,18.827,26.025,1.69961,-1.91642,-0.084704,0.0793741
80,85,20,25,27.7935,25.0469,26.7976,18.9213,25.9702,1.25134,-1.98753,-0.0564604,0.0851644
80,85,25,30,27.3582,24.3809,26.5472,18.5071,25.574,0.900131,-1.8348,-0.0308774,0.078289
80,85,30,35,26.4568,23.6547,27.1477,19.0457,25.1004,0.950042,-1.59517,-0.027702,0.0657632
80,85,35,40,25.7102,22.8934,26.5528,18.6714,24.9213,1.16222,-1.41016,-0.0314742,0.0562473
80,85,40,45,25.3162,22.6181,26.5731,19.1628,24.6443,1.59008,-1.22564,-0.055381,0.0459353
80,85,45,50,25.5291,21.7592,26.2799,11.2622,24.8817,1.97155,-1.24662,-0.084807,0.0455986
80,85,50,55,26.6805,23.6947,26.8715,18.3181,25.6951,2.03101,-1.54037,-0.0987236,0.0596364
80,85,55,60,27.3214,24.2826,26.9172,18.5623,25.8129,1.81998,-1.71436,-0.095728,0.0682396
80,85,60,65,27.7344,24.9386,26.427,18.8111,26.0857,1.45875,-1.90899,-0.0841982,0.0777649
80,85,65,70,27.5759,24.9071,26.331,18.9413,25.9967,0.861877,-1.96441,-0.0484164,0.080849
80,85,70,75,26.7207,23.9727,26.9219,19.7415,25.2439,0.475091,-1.79638,-0.0167844,0.0744186
80,85,75,80,25.6623,22.9667,27.223,20.1023,24.6215,0.506871,-1.51162,-0.00844416,0.0606523
80,85,80,85,25.2623,22.3584,27.2639,18.9412,24.4761,0.835767,-1.34241,-0.0201448,0.0528021
80,85,85,90,25.1618,22.4566,27.2256,19.9675,24.3252,1.33014,-1.18212,-0.047588,0.045655
80,85,90,95,25.9397,23.2575,26.8348,19.5809,25.0465,2.00708,-1.26262,-0.0940468,0.0483274
80,85,95,100,27.7313,24.5128,27.2919,18.3633,26.2811,2.12413,-1.62013,-0.110608,0.0652755
80,85,100,105,28.2089,23.5139,26.0424,35.0507,26.5993,1.7701,-1.79349,-0.0979752,0.073298
80,85,105,110,28.4078,25.4439,25.8599,18.2091,26.87,1.27685,-1.91998,-0.0734506,0.0773888
80,85,110,115,28.3518,25.102,27.3229,18.6137,26.7647,0.548927,-1.98396,-0.0295945,0.0801898
80,85,115,120,27.1042,23.6831,29.3438,19.3867,25.7045,0.0250928,-1.7447,0.00288761,0.0692486
80,85,120,125,22.3347,19.0006,33.0623,23.2804,21.5141,-0.253603,-1.29653,0.0188402,0.0498086
80,85,125,130,14.6387,11.9021,35.4967,26.6787,14.205,-0.55617,-0.747035,0.0305809,0.0280528
80,85,130,135,7.8008,5.76045,46.6896,37.2881,7.55036,-0.601728,-0.267727,0.0282497,0.0087528
80,85,135,140,2.55821,0,76.146,0,2.52488,-0.284709,0.00564616,0.00911818,-0.00126854
85,90,0,5,26.2609,23.4792,26.7333,18.9929,25.6949,2.3323,-1.43161,-0.0931569,0.0500499
85,90,5,10,26.7709,24.087,26.4974,18.6563,26.1694,2.23257,-1.55445,-0.103251,0.0579971
85,90,10,15,27.6406,24.8607,26.4509,19.2462,26.3286,2.06129,-1.73058,-0.101663,0.0675019
85,90,15,20,28.1968,25.0353,26.9057,17.8035,26.4389,1.70571,-1.94101,-0.0845244,0.080081
85,90,20,25,28.2385,25.4139,25.7834,18.6311,26.3947,1.24647,-2.01008,-0.0577136,0.0852791
85,90,25,30,27.9258,25.1658,26.6256,18.7447,25.97,0.925455,-1.87453,-0.0333682,0.079992
85,90,30,35,26.7928,24.01,26.7713,19.0335,25.4245,0.905461,-1.62616,-0.0256591,0.0672115
85,90,35,40,26.1181,23.1025,26.9079,18.5166,25.1425,1.14913,-1.40079,-0.0327997,0.0557248
85,90,40,45,25.6193,23.208,26.3859,20.5693,24.9178,1.5823,-1.24367,-0.054687,0.0463843
85,90,45,50,25.8433,22.9702,26.6415,19.1197,25.2359,2.06967,-1.28935,-0.0900882,0.0475469
85,90,50,55,26.7732,23.9267,27.2495,19.6129,25.7827,2.12285,-1.53037,-0.104011,0.058805
85,90,55,60,27.5356,24.6874,26.2036,19.0147,26.0745,1.87118,-1.75844,-0.0991698,0.0700094
85,90,60,65,27.8995,25.1319,26.5426,19.3801,26.1943,1.44659,-1.94203,-0.0823028,0.0796444
85,90,65,70,27.8214,24.9568,27.3363,19.3287,26.0009,0.88377,-1.99108,-0.0488288,0.0827953
85,90,70,75,26.8293,23.8276,27.3345,18.782,25.2347,0.484207,-1.79172,-0.0154095,0.0740527
85,90,75,80,25.9471,22.9467,28.122,19.4742,24.7212,0.536258,-1.54816,-0.00953341,0.0626324
85,90,80,85,25.1607,22.5695,26.9975,20.412,24.3783,0.886725,-1.31685,-0.0225885,0.0515881
85,90,85,90,25.3278,22.3484,27.4235,19.2122,24.4415,1.40127,-1.20919,-0.0508554,0.0471795
85,90,90,95,26.0323,23.1611,27.0605,19.5728,25.0646,2.01335,-1.26609,-0.094815,0.0488809
85,90,95,100,27.5598,24.5089,27.1393,18.37,26.2008,2.12088,-1.59543,-0.110883,0.0637606
85,90,100,105,28.2819,25.2021,26.675,18.3453,26.6123,1.80807,-1.80722,-0.100441,0.0734392
85,90,105,110,28.5438,25.4095,26.3515,17.8794,26.9271,1.33552,-1.94466,-0.0757958,0.0784899
85,90,110,115,28.3051,25.1149,26.7908,18.2058,26.8283,0.607981,-2.00819,-0.0330368,0.0814571
85,90,115,120,26.8775,23.747,28.1107,18.6815,25.6039,0.0229504,-1.726,0.00362398,0.0682897
85,90,120,125,22.2629,18.8768,32.0239,21.3065,21.4441,-0.193137,-1.27477,0.0154725,0.0487498
85,90,125,130,14.5984,11.9792,36.1824,31.3121,14.1959,-0.53916,-0.753063,0.0305904,0.0282562
85,90,130,135,7.82083,5.84283,44.8528,36.2912,7.55712,-0.602603,-0.269439,0.0280728,0.00865202
85,90,135,140,2.50691,0,76.7455,0,2.48249,-0.269898,0.00702265,0.008413,-0.00131538
90,95,0,5,26.487,23.8739,26.5463,18.8854,25.9652,2.38013,-1.49921,-0.0945052,0.0532483
90,95,5,10,27.0739,24.3662,26.4569,19.379,26.4117,2.27593,-1.59601,-0.10617,0.0596483
90,95,10,15,28.0241,25.0982,27.0004,19.1863,26.7028,2.08325,-1.80676,-0.100888,0.0709333
90,95,15,20,28.5415,25.6608,25.7419,18.3281,26.8174,1.70908,-2.00971,-0.0834039,0.0832913
90,95,20,25,28.9384,25.9502,26.1,17.9818,26.9026,1.26152,-2.09573,-0.0571908,0.0894196
90,95,25,30,28.3045,25.2854,26.3527,18.1397,26.3531,0.918317,-1.89555,-0.0327802,0.0804404
90,95,30,35,27.1816,24.2378,26.3067,18.4464,25.8573,0.915953,-1.64393,-0.0239007,0.0678276
90,95,35,40,26.4971,23.5298,27.2409,19.1972,25.5573,1.20543,-1.41697,-0.033986,0.0564373
90,95,40,45,26.1265,23.0447,27.2715,18.715,25.4428,1.67558,-1.25383,-0.0601744,0.0468706
90,95,45,50,26.2106,23.4595,26.0916,19.1725,25.6568,2.06812,-1.28262,-0.0896998,0.0465255
90,95,50,55,27.236,24.4251,27.1769,18.7422,26.2517,2.15598,-1.5584,-0.105247,0.0601573
90,95,55,60,28.0452,25.1697,26.4399,18.518,26.4474,1.95983,-1.76664,-0.105235,0.0701349
90,95,60,65,28.3236,25.5626,25.9022,18.4097,26.6017,1.53356,-1.9489,-0.0880875,0.0792729
90,95,65,70,28.2171,21.0626,26.2449,21.6373,26.4539,0.990067,-2.04208,-0.0547801,0.0853075
90,95,70,75,27.2507,24.2301,27.6634,18.7779,25.6455,0.534873,-1.84432,-0.0187638,0.0765486
90,95,75,80,26.0316,23.0264,27.5013,18.9573,24.8945,0.589316,-1.53145,-0.0109981,0.0611809
90,95,80,85,25.5088,22.5919,27.2772,19.7398,24.5904,0.904408,-1.34535,-0.0228148,0.052977
90,95,85,90,25.2751,22.4722,27.0252,19.3101,24.4485,1.43914,-1.21196,-0.0524493,0.0476649
90,95,90,95,26.1918,23.3119,26.8058,18.9949,25.1101,2.02288,-1.27735,-0.0930864,0.0493576
90,95,95,100,27.7676,25.0095,26.8699,19.01,26.33,2.14639,-1.63325,-0.111972,0.0657248
90,95,100,105,28.271,25.2329,26.7054,18.4265,26.689,1.83261,-1.8139,-0.101854,0.0735525
90,95,105,110,28.6562,25.457,26.6279,17.6701,26.9746,1.33588,-1.96969,-0.0750977,0.080127
90,95,110,115,28.3708,25.3351,26.4233,18.2747,26.7929,0.62675,-1.98549,-0.0343907,0.0797956
90,95,115,120,26.9776,23.7102,28.7765,19.1942,25.6566,0.144534,-1.74937,-0.00450934,0.0700934
90,95,120,125,22.3804,18.8247,32.8258,22.2766,21.4773,-0.202868,-1.30986,0.0165821,0.051227
90,95,125,130,14.6394,11.9378,36.0728,28.0502,14.2439,-0.497567,-0.77576,0.0280208,0.0296958
90,95,130,135,7.7771,5.85056,45.0262,31.6531,7.56895,-0.583095,-0.277191,0.0274444,0.00907555
90,95,135,140,2.54268,2.54268,80.2243,2.03985,2.47177,-0.273748,0.00193944,0.00878113,-0.000922388
95,100,0,5,26.9018,24.2351,26.5189,18.8034,26.4036,2.42668,-1.5154,-0.095823,0.0536461
95,100,5,10,27.4491,24.4903,26.5445,18.676,26.7072,2.33036,-1.59705,-0.107976,0.0592932
95,100,10,15,28.4163,25.5719,26.4737,18.5742,27.124,2.16893,-1.83688,-0.105203,0.0720436
95,100,15,20,29.0654,26.126,26.6086,18.3461,27.2573,1.78411,-2.02726,-0.0870083,0.0833383
95,100,20,25,29.2562,26.4294,25.7388,18.5546,27.2118,1.30177,-2.12354,-0.0596818,0.0909141
95,100,25,30,28.7279,26.0935,26.4444,18.965,26.7756,1.00549,-1.94821,-0.0369141,0.083076
95,100,30,35,27.7374,24.7716,26.3921,18.4632,26.3176,1.04242,-1.70755,-0.0322644,0.0708972
95,100,35,40,27.0033,24.0219,27.0588,18.9058,26.0662,1.28291,-1.48246,-0.0364794,0.0595398
95,100,40,45,26.5096,23.5708,27.035,19.0499,25.8987,1.78012,-1.27989,-0.0637253,0.0470853
95,100,45,50,26.7791,23.9724,26.0852,18.7574,26.1687,2.24377,-1.3067,-0.0973895,0.0475232
95,100,50,55,27.982,25.4112,26.7363,19.445,26.8891,2.28487,-1.58948,-0.111501,0.0608141
95,100,55,60,28.9346,25.9402,26.7685,18.1926,27.2292,2.01543,-1.82663,-0.105915,0.0724673
95,100,60,65,29.3511,26.3743,26.2376,18.4838,27.3783,1.58543,-1.9944,-0.0903533,0.0806185
95,100,65,70,29.0755,26.199,26.0063,17.9163,27.2413,0.980321,-2.08207,-0.0560619,0.0859985
95,100,70,75,28.0659,25.1239,26.5287,18.4944,26.3506,0.524208,-1.87286,-0.0196063,0.0770257
95,100,75,80,26.8948,24.1467,27.1273,19.2859,25.64,0.569421,-1.58638,-0.0111022,0.064007
95,100,80,85,26.0497,22.582,26.5713,10.8716,25.1619,0.949707,-1.35566,-0.0263012,0.0530135
95,100,85,90,25.8248,23.1092,26.989,19.6614,24.8963,1.48581,-1.2327,-0.0565045,0.0483067
95,100,90,95,26.3909,23.4643,26.5874,18.7187,25.3486,2.06881,-1.28115,-0.0968651,0.0493464
95,100,95,100,27.7457,24.8003,26.2313,19.0344,26.3936,2.1699,-1.64388,-0.113952,0.0662145
95,100,100,105,28.2275,25.2068,25.6511,17.9265,26.587,1.84819,-1.82304,-0.102598,0.0745305
95,100,105,110,28.535,26.0278,25.5208,18.8953,26.9268,1.36673,-1.95491,-0.076503,0.0788835
95,100,110,115,28.5337,25.3255,26.8778,18.1684,26.8753,0.684844,-2.02938,-0.0377247,0.082215
95,100,115,120,27.2526,23.6495,29.4261,18.1219,25.7717,0.105474,-1.78053,-0.00221998,0.0708115
95,100,120,125,22.3345,18.9487,31.8076,21.2678,21.4922,-0.214668,-1.31737,0.0184977,0.0515667
95,100,125,130,14.589,12.0362,36.031,30.254,14.2326,-0.521094,-0.779471,0.0307419,0.0301968
95,100,130,135,7.7728,5.83362,45.2722,39.1671,7.49682,-0.564077,-0.282087,0.0259725,0.00978835
95,100,135,140,2.49496,0,79.2102,0,2.4328,-0.27528,0.0086106,0.00890071,-0.00129548
100,105,0,5,27.3108,24.6113,25.7436,18.6553,26.8246,2.56706,-1.55089,-0.105748,0.0551353
100,105,5,10,27.9302,25.074,25.9221,18.2827,27.2915,2.405,-1.65028,-0.111122,0.0613441
100,105,10,15,28.9492,26.1643,25.31,18.2789,27.6391,2.18784,-1.88261,-0.10664,0.0736525
100,105,15,20,29.7086,27.0315,25.5072,18.0765,27.7445,1.80991,-2.09269,-0.0891347,0.0865679
100,105,20,25,29.8695,26.8011,25.7397,17.828,27.8381,1.35516,-2.18129,-0.0620408,0.0927852
100,105,25,30,29.2973,26.3139,26.6187,18.4818,27.2602,1.0334,-2.00154,-0.0378035,0.0855422
100,105,30,35,28.1656,25.1628,26.4961,18.6181,26.7282,1.05519,-1.7096,-0.0312101,0.0704158
100,105,35,40,27.5142,24.6683,26.5363,19.4868,26.5751,1.29335,-1.5057,-0.036037,0.0600624
100,105,40,45,27.2387,24.2662,27.4794,18.9416,26.4491,1.7779,-1.3259,-0.0619955,0.0494538
100,105,45,50,27.5037,24.5081,26.7775,18.7864,26.836,2.20852,-1.36044,-0.0936419,0.0492736
100,105,50,55,28.7096,25.6748,26.2009,17.8374,27.5931,2.30969,-1.64047,-0.113874,0.062107
100,105,55,60,29.6447,26.4238,25.7646,17.3256,27.9335,2.06487,-1.90411,-0.109501,0.0754506
100,105,60,65,30.0601,27.2371,25.5879,18.0891,28.0724,1.61448,-2.09563,-0.0946099,0.0854884
100,105,65,70,29.7958,26.677,25.769,17.644,27.8981,0.996301,-2.13614,-0.0564114,0.0874874
100,105,70,75,28.72,25.6552,26.6125,18.1017,26.9795,0.476609,-1.93965,-0.016103,0.0798203
100,105,75,80,27.3913,24.5093,26.8117,18.8638,26.2589,0.579577,-1.62306,-0.0115528,0.0648466
100,105,80,85,26.776,23.9022,26.7465,18.9484,25.9206,0.924579,-1.42863,-0.0231224,0.0560794
100,105,85,90,26.6591,24.1453,26.1852,19.6374,25.7921,1.52362,-1.2687,-0.0566625,0.0493232
100,105,90,95,27.2908,24.4313,26.5469,18.8532,26.3866,2.13837,-1.33758,-0.0993231,0.051317
100,105,95,100,28.6793,26.1709,25.5535,19.1881,27.2418,2.26392,-1.63549,-0.117952,0.0648364
100,105,100,105,29.3548,26.4271,26.4127,18.4749,27.6213,1.9262,-1.88337,-0.106952,0.0759961
100,105,105,110,29.538,26.3891,25.7283,18.2057,27.7448,1.37132,-2.04098,-0.0774381,0.0826807
100,105,110,115,29.2144,25.8739,27.513,17.9095,27.4755,0.695838,-2.09352,-0.0404151,0.0847799
100,105,115,120,27.5055,24.0988,28.3289,18.7249,26.1486,0.104636,-1.8278,-0.000174653,0.0732001
100,105,120,125,22.5951,19.262,32.43,24.0384,21.8023,-0.193582,-1.39598,0.0175856,0.0557013
100,105,125,130,14.7004,12.6918,35.8102,32.0401,14.2893,-0.525298,-0.808272,0.0310273,0.0317724
100,105,130,135,7.8325,5.7436,46.9225,48.527,7.57292,-0.587004,-0.306089,0.0278235,0.0108569
100,105,135,140,2.49362,0.470449,77.2672,0,2.46068,-0.278551,-0.00190884,0.0089181,-0.000703529
105,106.5,0,5,27.4133,24.7918,26.283,19.5215,26.7155,2.49905,-1.57847,-0.100854,0.0574299
105,106.5,5,10,27.8998,25.2211,26.3877,19.4147,27.2213,2.29894,-1.69913,-0.106044,0.0643953
105,106.5,10,15,28.7685,19.9908,24.2098,21.1966,27.2639,2.14964,-1.87854,-0.103895,0.074955
105,106.5,15,20,29.5384,26.8972,24.7883,17.6058,27.5952,1.73961,-2.11058,-0.0848556,0.0880022
105,106.5,20,25,29.599,26.3446,26.3889,17.0828,27.4545,1.26732,-2.1451,-0.0567973,0.091483
105,106.5,25,30,29.0794,26.7894,24.9554,18.5674,27.0916,1.04558,-1.97001,-0.0406769,0.0841388
105,106.5,30,35,28.1633,25.5328,25.6986,18.5536,26.6385,1.11508,-1.73519,-0.0358116,0.0723021
105,106.5,35,40,27.3367,25.0566,25.0294,20.0332,26.5096,1.25038,-1.51445,-0.033969,0.0609768
105,106.5,40,45,27.1989,24.6135,25.8189,18.7548,26.287,1.8216,-1.31697,-0.0667179,0.0493039
105,106.5,45,50,27.3977,25.3067,24.9597,19.323,26.8098,2.24413,-1.34163,-0.0967539,0.0474005
105,106.5,50,55,28.8515,25.634,26.5692,17.5073,27.6659,2.29706,-1.6865,-0.112194,0.0648424
105,106.5,55,60,29.691,26.8751,25.5198,17.035,27.8857,2.05607,-1.92074,-0.109464,0.0770586
105,106.5,60,65,29.9851,27.7428,24.1446,18.1302,28.2019,1.57382,-2.12085,-0.0914841,0.0866843
105,106.5,65,70,29.6692,27.3368,24.0118,17.5754,27.8408,0.929918,-2.143,-0.053378,0.0881853
105,106.5,70,75,28.8501,26.2103,27.1895,18.5366,27.1176,0.42888,-1.96835,-0.0138598,0.0810714
105,106.5,75,80,27.5049,24.7607,27.6932,19.6207,26.3535,0.587766,-1.63439,-0.0148668,0.0652244
105,106.5,80,85,27.0232,24.545,25.6686,18.4004,26.2588,0.903368,-1.45222,-0.0224134,0.0564917
105,106.5,85,90,27.1132,24.5201,25.4121,16.6385,26.1949,1.59651,-1.31189,-0.0594184,0.051388
105,106.5,90,95,28.0278,25.5532,25.4552,19.0117,26.989,2.20689,-1.3587,-0.102407,0.0513561
105,106.5,95,100,29.9251,27.1568,26.0316,18.6055,28.469,2.35114,-1.81145,-0.121812,0.0727792
105,106.5,100,105,30.7013,28.0812,25.6657,18.0633,28.7238,1.99714,-2.00152,-0.114052,0.0814001
105,106.5,105,110,30.5997,28.3734,25.2858,18.6052,28.9433,1.4202,-2.15521,-0.0833561,0.0870763
105,106.5,110,115,30.423,27.4837,25.7946,17.7312,28.6756,0.541284,-2.23796,-0.0292114,0.0910732
105,106.5,115,120,28.7298,25.728,26.7606,18.1895,27.2809,-0.00132315,-1.93868,0.00289914,0.0774907
105,106.5,120,125,23.391,19.9973,31.3434,20.6609,22.5741,-0.41178,-1.45419,0.0295703,0.0580842
105,106.5,125,130,15.0816,12.3724,35.1908,25.0464,14.7654,-0.694147,-0.820615,0.0399085,0.0318858
105,106.5,130,135,7.93027,6.89755,43.7134,50.8078,7.69707,-0.661208,-0.295357,0.0329661,0.0104577
105,106.5,135,140,2.46914,0.470332,77.8251,0,2.44889,-0.280963,0.00873963,0.00897093,-0.00112871
