Horizontal Bin Start [mm],Horizontal Bin End [mm],Vertical Bin Start [mm],Vertical Bin End [mm],Mean PEs,Langau PEs,RMS Over Mean,Resolution, Theta Fit Param p0,Theta Fit Param p1,Theta Fit param p2,Theta Fit param p3,Theta Fit param p4
-130,-125,0,5,28.987,26.0625,26.5838,18.5011,28.9091,0.024985,-0.915374,0.0429782,0.0187994
-130,-125,5,10,28.9219,25.7686,27.2144,18.1497,28.9298,-0.448482,-0.75143,0.0686992,0.0134586
-130,-125,10,15,28.604,25.94,26.4082,18.6226,28.6878,-0.535363,-0.536695,0.0735869,0.00366877
-130,-125,15,20,28.3474,25.1294,27.1071,17.6483,28.4111,-0.28444,-0.380186,0.0504762,-0.00309554
-130,-125,20,25,28.2333,25.1987,26.9933,18.3523,28.3224,0.152393,-0.34352,0.0177574,-0.00467973
-130,-125,25,30,28.213,25.2381,26.5735,18.7041,28.384,0.614655,-0.437344,-0.0130524,-0.00037055
-130,-125,30,35,28.574,25.3668,27.1177,17.5379,28.7501,0.954549,-0.62624,-0.0276647,0.00690975
-130,-125,35,40,29.0518,26.0613,27.22,18.5416,29.1285,0.837843,-0.835356,-0.0166008,0.0159729
-130,-125,40,45,29.2241,26.1133,26.8175,18.3895,29.3362,0.552771,-0.921487,0.00951937,0.0194073
-130,-125,45,50,29.1552,26.3758,26.0039,18.2193,29.387,0.180102,-0.847209,0.0353159,0.0149622
-130,-125,50,55,28.9941,25.8929,26.3182,17.8182,29.1236,-0.24893,-0.719297,0.0561076,0.00925825
-130,-125,55,60,28.6175,25.5096,26.7299,17.8865,28.6852,-0.275755,-0.566423,0.0525317,0.00405314
-130,-125,60,65,28.3547,25.4729,26.5068,18.7394,28.4996,0.0439874,-0.46041,0.0262619,9.90054e-05
-130,-125,65,70,28.3395,25.084,27.5313,18.8242,28.5976,0.510452,-0.529917,0.00146692,0.00443803
-130,-125,70,75,28.3669,22.4568,27.1189,20.1606,28.7756,1.01341,-0.591026,-0.0224048,0.00734216
-130,-125,75,80,28.8859,25.9854,26.912,18.6411,29.2095,1.33524,-0.746849,-0.0315897,0.0141643
-130,-125,80,85,29.2771,26.1605,27.1509,18.0414,29.5131,1.25269,-0.905087,-0.0240244,0.0205326
-130,-125,85,90,29.4518,26.2173,26.9191,18.077,29.6666,0.758019,-0.898048,0.000835701,0.0194355
-130,-125,90,95,29.5117,26.275,27.1978,17.8312,29.5801,0.383907,-0.802397,0.0141728,0.0143602
-130,-125,95,100,29.294,25.8892,28.243,18.1234,29.4135,0.0295351,-0.709378,0.0235179,0.0103215
-130,-125,100,105,25.1065,22.0393,30.3517,22.3063,25.2551,-0.0519672,-0.565241,0.0185291,0.0075961
-130,-125,105,110,17.1295,14.3996,32.3921,24.9314,17.2638,-0.166864,-0.342869,0.0147076,0.00422074
-130,-125,110,115,10.0741,7.88504,39.654,35.8413,10.1282,-0.239747,-0.222181,0.00965373,0.00474594
-130,-125,115,120,3.57653,3.57653,73.3171,2.62221,3.58772,-0.184035,-0.0513497,0.00424911,0.000954129
-125,-120,0,5,29.1101,26.0822,27.2032,18.4337,29.0552,0.0207444,-0.933655,0.0437493,0.0197229
-125,-120,5,10,29.0394,25.9564,26.416,17.6697,29.0322,-0.413446,-0.746803,0.0657349,0.0127236
-125,-120,10,15,28.6426,25.6615,26.8139,18.4355,28.7075,-0.479713,-0.519972,0.0695182,0.00327961
-125,-120,15,20,28.3934,25.2652,26.2003,18.2007,28.6024,-0.258905,-0.385312,0.0492692,-0.00311491
-125,-120,20,25,28.324,25.3395,27.4998,18.928,28.4156,0.177406,-0.357869,0.0158841,-0.00367596
-125,-120,25,30,28.2917,24.8157,26.9435,17.1735,28.492,0.601526,-0.431668,-0.0101217,-0.000543176
-125,-120,30,35,28.5967,25.1966,27.0395,17.7457,28.8287,0.927939,-0.638336,-0.0270722,0.00816964
-125,-120,35,40,29.0996,25.5996,27.6781,18.1669,29.2305,0.835938,-0.841319,-0.0155849,0.0165567
-125,-120,40,45,29.1821,26.0252,26.2388,17.6743,29.4764,0.586803,-0.940894,0.00648368,0.0210762
-125,-120,45,50,29.296,26.0774,27.2074,18.3994,29.4505,0.159043,-0.862103,0.0363585,0.0165645
-125,-120,50,55,29.0607,24.4027,27.1275,34.5331,29.121,-0.132972,-0.724729,0.0470472,0.0106977
-125,-120,55,60,28.6469,25.6688,25.9763,17.9824,28.7848,-0.235112,-0.56076,0.0476203,0.00362317
-125,-120,60,65,28.5214,25.099,27.4812,18.1828,28.6094,0.0744338,-0.444888,0.0234084,-0.000746963
-125,-120,65,70,28.3808,25.225,27.4,18.6324,28.5839,0.541546,-0.495617,-0.0018745,0.00259292
-125,-120,70,75,28.625,25.3762,27.9872,18.5096,28.8255,1.02045,-0.595138,-0.0221538,0.00785469
-125,-120,75,80,28.7069,25.4333,27.1882,17.9063,29.0339,1.32778,-0.727204,-0.0359496,0.0137067
-125,-120,80,85,28.7044,23.8167,27.367,16.0307,28.9333,1.16766,-0.876783,-0.0214201,0.0200993
-125,-120,85,90,28.0338,24.9667,27.4892,19.7675,28.2414,0.719547,-0.821762,-0.000788974,0.0168506
-125,-120,90,95,27.1432,23.7092,28.2916,19.5014,27.3749,0.364555,-0.769193,0.013885,0.0154042
-125,-120,95,100,26.6914,23.5667,28.0033,19.6237,26.8094,0.134512,-0.682199,0.0194442,0.0122865
-125,-120,100,105,23.2232,19.8463,31.7402,22.354,23.3794,0.0297182,-0.506518,0.0195023,0.00627095
-125,-120,105,110,16.2367,13.7103,34.0612,28.2925,16.401,-0.194199,-0.348337,0.0171334,0.0054266
-125,-120,110,115,9.5496,7.63084,39.8406,34.4994,9.61854,-0.232359,-0.204277,0.0108353,0.00429871
-125,-120,115,120,3.5052,0,71.0886,0,3.51874,-0.173015,-0.0592984,0.00292648,0.00157614
-120,-115,0,5,29.1098,25.9824,26.8068,18.1219,29.0457,0.114391,-0.933391,0.036251,0.0206529
-120,-115,5,10,28.8986,25.7664,26.598,17.8835,28.992,-0.380022,-0.740899,0.0636181,0.0131427
-120,-115,10,15,28.612,24.5558,26.6683,15.4391,28.7752,-0.403569,-0.532109,0.0650216,0.0038784
-120,-115,15,20,28.5607,25.5773,27.2908,18.2388,28.586,-0.163375,-0.397124,0.0430397,-0.00204484
-120,-115,20,25,28.3084,25.0866,27.5905,18.1058,28.3643,0.172177,-0.352757,0.0175732,-0.00352498
-120,-115,25,30,28.283,25.1548,26.6561,18.3042,28.4551,0.670176,-0.427626,-0.0148092,-0.00021461
-120,-115,30,35,28.5427,25.1445,27.7716,18.543,28.7137,0.969891,-0.637195,-0.0311771,0.0089367
-120,-115,35,40,29.0116,25.6899,27.3206,18.2215,29.1249,0.906109,-0.841263,-0.0215571,0.017884
-120,-115,40,45,29.2259,26.0523,26.6089,17.9713,29.4472,0.617746,-0.936655,0.00488283,0.0212391
-120,-115,45,50,29.2855,26.2123,26.3139,17.9343,29.4665,0.200539,-0.873629,0.0321997,0.0175973
-120,-115,50,55,29.0678,26.0093,27.052,18.6326,29.1386,-0.125221,-0.751758,0.0458047,0.012608
-120,-115,55,60,28.5962,25.3884,27.1033,18.7111,28.7272,-0.259319,-0.563708,0.0488393,0.00452963
-120,-115,60,65,28.2954,25.3147,27.6434,19.0796,28.4689,0.0427682,-0.461989,0.0250471,0.000651014
-120,-115,65,70,27.9438,24.8448,27.0425,18.8514,28.1872,0.454743,-0.50101,-0.00161963,0.00381326
-120,-115,70,75,27.3746,24.5483,27.0954,19.3041,27.7376,0.795124,-0.583722,-0.0168407,0.00864742
-120,-115,75,80,26.7527,23.604,27.478,18.4669,27.0739,1.0852,-0.686375,-0.0311916,0.0132784
-120,-115,80,85,25.9368,22.9593,27.9022,19.1386,26.2177,0.98013,-0.81139,-0.0218088,0.0194649
-120,-115,85,90,25.7466,22.748,27.6506,20.0929,25.941,0.672094,-0.791062,-0.00290376,0.0178004
-120,-115,90,95,26.2298,23.1494,28.1617,19.6095,26.2978,0.35997,-0.723116,0.0135661,0.0145991
-120,-115,95,100,26.9121,23.4577,29.0316,19.5437,26.9164,-0.0103784,-0.656914,0.0271506,0.0110488
-120,-115,100,105,23.1036,19.9384,31.245,22.5355,23.3739,-0.0586534,-0.49042,0.0206703,0.00598793
-120,-115,105,110,16.1154,13.9206,33.8144,29.4795,16.1978,-0.263604,-0.342253,0.0218568,0.00559479
-120,-115,110,115,9.5696,7.59959,39.5807,39.2448,9.61895,-0.232293,-0.198893,0.0110348,0.00401959
-120,-115,115,120,3.50469,2.42112,72.3658,112.584,3.50433,-0.178983,-0.0450046,0.00376162,0.00084952
-115,-110,0,5,29.0977,25.9807,26.8866,17.8909,29.0115,0.152376,-0.95995,0.0333866,0.023051
-115,-110,5,10,28.9007,25.9184,27.3268,19.2928,29.0046,-0.231238,-0.759511,0.0541692,0.0148888
-115,-110,10,15,28.7202,25.5931,27.2198,18.2411,28.7921,-0.288578,-0.554963,0.0565142,0.00574508
-115,-110,15,20,28.5306,25.1486,27.0771,15.4466,28.5532,-0.0925984,-0.40575,0.0383856,-0.00110767
-115,-110,20,25,28.3994,25.1856,27.6843,18.4002,28.5097,0.257406,-0.377282,0.0101965,-0.00239116
-115,-110,25,30,28.2828,25.1718,26.768,18.6975,28.4451,0.679641,-0.455438,-0.0165678,0.00189367
-115,-110,30,35,28.5569,25.2207,27.6694,18.0249,28.6944,1.00658,-0.645803,-0.0343869,0.00986492
-115,-110,35,40,28.7639,25.758,26.1373,17.981,28.9939,0.94592,-0.818285,-0.0251589,0.0172474
-115,-110,40,45,29.2705,25.8029,27.3031,17.6766,29.2649,0.633886,-0.931111,0.000557678,0.0221638
-115,-110,45,50,29.1169,26.0669,26.8793,18.4571,29.3281,0.251249,-0.863409,0.0280593,0.0178688
-115,-110,50,55,28.8191,25.595,27.144,18.2384,28.9701,-0.0632239,-0.74068,0.03867,0.0130158
-115,-110,55,60,28.3838,25.2365,27.3068,17.8875,28.4945,-0.171984,-0.587129,0.0380333,0.00678122
-115,-110,60,65,27.8161,24.7573,27.8413,19.3958,27.8621,0.0021672,-0.449769,0.0211323,0.00112785
-115,-110,65,70,27.0314,24.2195,27.0495,19.3196,27.3603,0.408975,-0.541502,-0.00485111,0.00677147
-115,-110,70,75,26.5745,23.6178,27.7597,18.4868,26.8814,0.750651,-0.596874,-0.0206821,0.00950851
-115,-110,75,80,26.3456,23.1573,27.801,18.6747,26.5832,0.9033,-0.681249,-0.0218802,0.0138292
-115,-110,80,85,26.3813,23.264,27.4592,18.9935,26.5187,0.975047,-0.771499,-0.0203441,0.0178238
-115,-110,85,90,26.8625,23.645,27.9048,19.108,26.9335,0.670951,-0.785997,-0.00220605,0.017553
-115,-110,90,95,27.0094,23.8423,27.6933,18.1745,27.0816,0.330432,-0.714947,0.0135404,0.0129039
-115,-110,95,100,26.8268,23.5541,28.3895,19.1079,26.9375,0.0403805,-0.64833,0.0202954,0.0104251
-115,-110,100,105,23.182,19.6796,32.5846,22.1651,23.2804,-0.07136,-0.515185,0.0216696,0.00770008
-115,-110,105,110,15.9991,13.4912,33.5532,25.6258,16.1417,-0.194223,-0.336821,0.0178014,0.00587372
-115,-110,110,115,9.5261,7.43389,41.2768,30.1744,9.63555,-0.242502,-0.202149,0.0119821,0.00443138
-115,-110,115,120,3.49456,0,72.7401,0,3.5175,-0.18356,-0.0516683,0.00402839,0.00131146
-110,-105,0,5,28.974,25.9277,26.4483,18.1539,29.0389,0.223103,-0.982494,0.0296785,0.0249858
-110,-105,5,10,28.9181,24.5135,26.604,28.4265,28.9835,-0.14821,-0.788827,0.0465644,0.0178572
-110,-105,10,15,28.7563,25.52,27.3465,18.2089,28.855,-0.210717,-0.595549,0.0512519,0.00851209
-110,-105,15,20,28.57,25.5267,27.2688,18.7749,28.5812,-0.0320883,-0.436441,0.0340619,0.000985804
-110,-105,20,25,28.3909,25.1485,27.2206,18.1105,28.4748,0.350995,-0.389523,0.00338374,-0.00113535
-110,-105,25,30,28.2166,24.9571,26.8515,17.7719,28.3534,0.679742,-0.472044,-0.0187094,0.0031484
-110,-105,30,35,28.3715,25.0773,27.037,18.1415,28.5832,0.957042,-0.663549,-0.0319229,0.0112675
-110,-105,35,40,28.4591,25.3523,27.4507,18.7014,28.5971,0.91648,-0.792727,-0.02549,0.0171652
-110,-105,40,45,28.4901,25.3662,26.8393,17.8023,28.6441,0.65062,-0.905704,-0.00426524,0.0231079
-110,-105,45,50,28.3709,25.2256,27.3634,18.2248,28.4127,0.32148,-0.831398,0.0199839,0.0188664
-110,-105,50,55,28.0057,24.8198,28.0881,18.8856,27.8657,0.0563746,-0.686788,0.0306916,0.0126467
-110,-105,55,60,27.3224,24.301,27.2594,18.5594,27.3821,0.0686775,-0.582507,0.0253222,0.00874791
-110,-105,60,65,26.8262,23.972,27.9812,19.7489,26.9019,0.205705,-0.465936,0.0127903,0.00331089
-110,-105,65,70,26.5992,23.4344,28.0993,18.0576,26.7285,0.57883,-0.496694,-0.00848797,0.00479956
-110,-105,70,75,26.6807,23.4907,28.8506,19.3589,26.6869,0.876097,-0.533593,-0.0218171,0.00674409
-110,-105,75,80,26.8345,23.5991,27.5023,34.0679,26.8566,1.13123,-0.653508,-0.033399,0.0125248
-110,-105,80,85,26.9296,23.9078,27.0196,19.1459,27.0253,1.11214,-0.790944,-0.0298697,0.0182048
-110,-105,85,90,26.931,23.8351,27.0875,18.7813,26.9571,0.730617,-0.759218,-0.00894259,0.0159364
-110,-105,90,95,26.8372,23.7164,27.9589,19.2576,26.8204,0.376729,-0.719395,0.00600571,0.0144766
-110,-105,95,100,26.7625,23.2924,29.3731,18.9431,26.8274,0.0377239,-0.660078,0.0182312,0.0119433
-110,-105,100,105,23.1896,19.5694,31.9347,21.4586,23.149,-0.0378238,-0.502297,0.018269,0.00795538
-110,-105,105,110,16.214,14.0304,33.6953,29.2001,16.2643,-0.193028,-0.336318,0.0166663,0.00547128
-110,-105,110,115,9.612,7.29544,40.3395,39.7219,9.65679,-0.250321,-0.210243,0.012352,0.00508951
-110,-105,115,120,3.47001,0,71.73,0,3.50393,-0.197727,-0.0466334,0.00525435,0.00107872
-105,-100,0,5,28.931,25.789,26.8722,18.1438,29.0317,0.334528,-0.999574,0.0221368,0.0270385
-105,-100,5,10,28.9253,25.8655,27.6493,18.7683,28.9274,-0.0794003,-0.812365,0.0409082,0.0200946
-105,-100,10,15,28.6681,25.5192,26.847,18.2319,28.7727,-0.099771,-0.620707,0.0429567,0.0110264
-105,-100,15,20,28.433,25.4452,26.8919,18.6098,28.5228,0.0473974,-0.444292,0.0271225,0.00179569
-105,-100,20,25,28.0162,24.9029,27.2422,18.3312,28.1557,0.276592,-0.384351,0.00581153,-0.000835701
-105,-100,25,30,27.8797,24.9812,26.9546,18.3639,27.8987,0.672216,-0.473001,-0.0220419,0.00415118
-105,-100,30,35,27.7118,24.4578,27.7536,18.6851,27.776,0.822282,-0.632934,-0.0288856,0.0116863
-105,-100,35,40,27.5409,24.2945,27.5288,18.0219,27.4836,0.735426,-0.741808,-0.0196291,0.0170273
-105,-100,40,45,27.239,19.8011,26.9892,56.5227,27.3879,0.621029,-0.868967,-0.00822763,0.0232339
-105,-100,45,50,26.9906,24.0276,26.9628,18.9379,26.9977,0.359249,-0.814816,0.0134603,0.0210508
-105,-100,50,55,26.4986,23.8604,27.0322,19.3532,26.5531,0.138889,-0.693066,0.0237768,0.015478
-105,-100,55,60,26.2036,23.4385,27.5098,19.8425,26.2214,0.150734,-0.527559,0.0216928,0.00768729
-105,-100,60,65,25.9755,23.0831,27.2266,19.3922,26.0811,0.3275,-0.434507,0.00685943,0.00366247
-105,-100,65,70,26.2341,23.1536,27.4043,18.8209,26.2676,0.632775,-0.47439,-0.0133604,0.00592872
-105,-100,70,75,26.5132,23.476,27.1243,19.0461,26.5495,0.968492,-0.533856,-0.0287197,0.0082249
-105,-100,75,80,26.7061,23.9372,28.0066,19.2109,26.6969,1.13161,-0.646323,-0.034683,0.013275
-105,-100,80,85,26.857,23.8024,27.8232,18.9885,26.7837,1.06397,-0.768105,-0.0303939,0.0179423
-105,-100,85,90,26.9817,24.0461,27.311,19.0642,26.8408,0.713598,-0.792032,-0.0123409,0.0191283
-105,-100,90,95,26.9168,23.6117,28.3344,18.7565,26.8105,0.381945,-0.728048,0.00295145,0.015625
-105,-100,95,100,26.7735,23.4551,28.7155,19.1311,26.7299,0.0569157,-0.635119,0.0155071,0.0116299
-105,-100,100,105,23.2304,19.9421,31.5364,21.8442,23.1801,-0.0421079,-0.508145,0.016748,0.00884866
-105,-100,105,110,16.1873,13.6907,33.7533,28.2662,16.1752,-0.194089,-0.3272,0.0169066,0.00580175
-105,-100,110,115,9.61351,7.61925,39.5759,35.456,9.65606,-0.221714,-0.202867,0.0101612,0.00478598
-105,-100,115,120,3.50491,0,71.7193,0,3.49405,-0.181728,-0.04091,0.00415215,0.000879073
-100,-95,0,5,28.7077,25.6282,26.4992,17.8909,28.769,0.394415,-0.984614,0.015256,0.0270002
-100,-95,5,10,28.7037,25.6231,27.1085,18.3501,28.752,0.041875,-0.817493,0.0312093,0.0216035
-100,-95,10,15,28.3807,25.1258,26.0311,17.176,28.5516,0.0111844,-0.6386,0.0333887,0.0124198
-100,-95,15,20,28.1485,25.1923,26.6711,19.0004,28.2589,0.159056,-0.482225,0.0161747,0.0042556
-100,-95,20,25,27.7885,24.6147,27.8786,18.1793,27.8402,0.413111,-0.441191,-0.00703923,0.00298194
-100,-95,25,30,27.5291,24.388,27.8753,18.5708,27.4842,0.654499,-0.521505,-0.0263584,0.00721369
-100,-95,30,35,27.251,24.1417,28.3111,18.711,27.2094,0.825515,-0.666854,-0.0359711,0.0137302
-100,-95,35,40,26.8686,23.7224,27.5916,18.6353,26.836,0.726269,-0.77758,-0.0268246,0.0196869
-100,-95,40,45,26.7117,23.3619,28.1458,18.334,26.5976,0.599088,-0.849391,-0.0123879,0.0238788
-100,-95,45,50,26.4667,23.4362,27.5765,18.7637,26.3769,0.330952,-0.804782,0.0102659,0.0231953
-100,-95,50,55,26.3431,23.33,27.6613,18.8077,26.1903,0.0753578,-0.65931,0.0244082,0.0161278
-100,-95,55,60,26.1942,23.2702,27.9975,19.3538,26.1201,0.0909079,-0.515707,0.020553,0.00904675
-100,-95,60,65,26.333,23.2134,27.9925,18.8022,26.2725,0.275087,-0.437277,0.00522543,0.00505903
-100,-95,65,70,26.2823,23.2841,27.4256,18.8103,26.312,0.576174,-0.47662,-0.0123043,0.00717846
-100,-95,70,75,26.5604,23.831,27.5962,19.402,26.4227,0.916156,-0.517372,-0.0289378,0.00799997
-100,-95,75,80,26.6674,23.7753,27.9131,19.3815,26.5878,1.11566,-0.631126,-0.0374933,0.0130499
-100,-95,80,85,26.8725,23.8997,27.9914,19.2668,26.7609,1.04599,-0.765399,-0.032182,0.018565
-100,-95,85,90,26.9047,23.9574,27.6897,19.786,26.6964,0.706058,-0.743542,-0.0150125,0.0172787
-100,-95,90,95,26.875,23.6799,27.9115,18.9487,26.7358,0.340622,-0.714535,0.00174032,0.0158736
-100,-95,95,100,26.9335,23.4251,30.2055,18.8412,26.8187,0.0831851,-0.663796,0.0124137,0.0141824
-100,-95,100,105,23.1098,19.7547,32.0553,22.4267,23.0997,-0.0288882,-0.476948,0.0151181,0.00816321
-100,-95,105,110,16.1887,13.7817,32.8704,27.2595,16.1515,-0.158842,-0.313154,0.0135093,0.00564242
-100,-95,110,115,9.644,7.62555,40.7425,37.5082,9.60553,-0.190253,-0.193144,0.00782045,0.00472485
-100,-95,115,120,3.46581,0,71.7981,0,3.45298,-0.186255,-0.0354075,0.00480994,0.000841112
-95,-90,0,5,27.9677,24.9417,27.0041,18.328,27.9064,0.549848,-0.933823,0.00482464,0.0275082
-95,-90,5,10,27.8488,24.7439,27.5984,18.5812,27.8631,0.280053,-0.76353,0.0165077,0.0212718
-95,-90,10,15,27.7415,24.8137,27.2281,19.2601,27.7576,0.292108,-0.601347,0.012853,0.0127985
-95,-90,15,20,27.5991,24.41,27.6147,18.371,27.5969,0.415662,-0.514388,-0.00144737,0.00815678
-95,-90,20,25,27.2413,24.3175,26.7957,19.0071,27.2401,0.537484,-0.452725,-0.015503,0.00432856
-95,-90,25,30,27.0464,23.9261,27.554,18.7005,26.9667,0.717407,-0.508729,-0.0294898,0.00690154
-95,-90,30,35,26.8524,23.9285,27.1486,19.0982,26.8175,0.76125,-0.670721,-0.0329375,0.0146434
-95,-90,35,40,26.5851,23.6897,27.0201,19.1621,26.5368,0.656323,-0.748133,-0.0217055,0.0194258
-95,-90,40,45,26.7415,23.6828,27.9317,19.3838,26.5971,0.508447,-0.838201,-0.00685866,0.0245473
-95,-90,45,50,26.6916,23.7263,27.782,19.4586,26.6446,0.318663,-0.775375,0.00756304,0.0220455
-95,-90,50,55,26.799,23.0868,27.2588,33.7562,26.6089,0.137571,-0.658422,0.0169693,0.0166192
-95,-90,55,60,26.6934,23.4105,27.8912,18.3012,26.489,0.130619,-0.531731,0.0151774,0.010585
-95,-90,60,65,26.4687,23.2396,27.8987,18.5626,26.3448,0.327213,-0.489289,-0.000478539,0.00916478
-95,-90,65,70,26.2881,23.5423,28.2518,20.0594,26.1455,0.62548,-0.452441,-0.0164088,0.00657984
-95,-90,70,75,26.412,23.4229,27.9146,19.2176,26.2663,0.960491,-0.504202,-0.0336396,0.00818575
-95,-90,75,80,26.8007,23.8193,28.2383,19.75,26.6341,1.09446,-0.668608,-0.0391544,0.0160689
-95,-90,80,85,26.7376,23.7559,27.483,19.3324,26.5323,1.04035,-0.721357,-0.0347135,0.0176618
-95,-90,85,90,26.9319,23.9808,28.2291,19.5813,26.6277,0.69134,-0.707994,-0.0184971,0.0162841
-95,-90,90,95,26.9827,23.6264,28.6425,18.4132,26.6834,0.41955,-0.68514,-0.00726767,0.0150774
-95,-90,95,100,26.8317,23.1296,29.3541,17.596,26.645,0.120455,-0.634957,0.00548402,0.0140025
-95,-90,100,105,23.3086,19.6792,32.8366,21.3405,23.0927,0.00685467,-0.500844,0.00959537,0.0107543
-95,-90,105,110,16.1788,13.6914,33.4589,28.2512,16.0769,-0.154517,-0.307399,0.0114833,0.00614854
-95,-90,110,115,9.5871,7.45735,40.8554,33.3957,9.4833,-0.197776,-0.163504,0.00809672,0.0035431
-95,-90,115,120,3.44562,3.44562,74.376,2.56271,3.44985,-0.191417,-0.0301544,0.00499188,0.000364448
-90,-85,0,5,26.6161,23.5529,27.1832,18.0975,26.4807,0.641991,-0.823808,-0.0017792,0.0252977
-90,-85,5,10,26.7421,23.6824,27.0797,18.8225,26.6282,0.442212,-0.689255,0.00669941,0.019887
-90,-85,10,15,26.9279,24.0059,28.414,19.6904,26.7815,0.481466,-0.584076,0.00272081,0.0142479
-90,-85,15,20,26.7734,23.8731,26.4501,18.8572,26.7996,0.578201,-0.499433,-0.00784037,0.00889125
-90,-85,20,25,26.8202,23.5959,27.6692,18.5004,26.7647,0.694863,-0.488979,-0.0206005,0.00732802
-90,-85,25,30,26.7318,23.8469,27.2816,18.8084,26.6314,0.892165,-0.526633,-0.0366763,0.00885892
-90,-85,30,35,26.8903,24.0068,27.7576,19.5972,26.7241,0.939786,-0.684179,-0.0396902,0.0163112
-90,-85,35,40,26.8456,23.8015,27.3208,18.8685,26.6009,0.871752,-0.743712,-0.0334997,0.0197814
-90,-85,40,45,27.0318,24.3328,27.4187,19.5221,26.8337,0.680377,-0.820084,-0.016057,0.0242064
-90,-85,45,50,27.2425,24.1268,27.5876,18.8957,26.8369,0.447365,-0.772661,-0.000152265,0.0224794
-90,-85,50,55,26.9432,23.8746,27.7038,18.9661,26.7335,0.201141,-0.680524,0.0104448,0.0187086
-90,-85,55,60,26.6222,23.3054,27.8614,18.3634,26.3218,0.201395,-0.53816,0.00741189,0.0123197
-90,-85,60,65,26.3023,23.1277,27.9436,19.0584,26.1441,0.369617,-0.454008,-0.00401981,0.00841926
-90,-85,65,70,26.2015,23.1201,27.5949,19.1313,25.9877,0.651122,-0.43773,-0.0196368,0.00684345
-90,-85,70,75,26.3381,23.3617,27.9166,19.5658,26.1601,0.931089,-0.500201,-0.0334191,0.00878162
-90,-85,75,80,26.5657,23.3486,27.9516,18.4605,26.2811,1.11683,-0.595207,-0.043051,0.0124219
-90,-85,80,85,26.9254,23.811,27.9738,18.8084,26.4853,0.986114,-0.716957,-0.0354139,0.0179225
-90,-85,85,90,26.9328,23.958,27.2462,18.4312,26.5713,0.646979,-0.709712,-0.0178151,0.0173286
-90,-85,90,95,27.0229,23.716,28.1517,18.7284,26.7116,0.393384,-0.70119,-0.00894792,0.0172642
-90,-85,95,100,26.8914,23.3355,28.9794,18.4441,26.6274,0.0715057,-0.6215,0.0061299,0.0142957
-90,-85,100,105,23.1722,19.7301,31.9992,22.5446,23.0324,-0.0075237,-0.468256,0.0106492,0.00965856
-90,-85,105,110,16.1107,13.6348,33.6391,26.9832,15.9374,-0.162332,-0.287139,0.0112397,0.00600991
-90,-85,110,115,9.6883,7.7097,41.2717,40.0877,9.51994,-0.198666,-0.182865,0.00711575,0.00495306
-90,-85,115,120,3.47719,3.47719,72.5586,2.523,3.43759,-0.183686,-0.0272872,0.00407232,0.000343637
-85,-80,0,5,25.9408,23.104,27.5134,19.417,25.6236,0.692552,-0.865087,-0.00405077,0.0293638
-85,-80,5,10,25.9046,22.6706,28.0853,18.3425,25.7596,0.535583,-0.694662,0.000993701,0.0218428
-85,-80,10,15,26.0374,23.1772,27.5768,19.3338,25.8877,0.594268,-0.575525,-0.00260504,0.0153386
-85,-80,15,20,26.0979,23.3729,26.6562,19.5348,25.9429,0.690466,-0.484743,-0.0126438,0.0103535
-85,-80,20,25,26.2457,23.2322,27.9529,19.4113,26.1192,0.835376,-0.46719,-0.0268405,0.00824945
-85,-80,25,30,26.4165,23.5297,27.7282,19.3731,26.1701,0.996779,-0.499177,-0.0410401,0.0091112
-85,-80,30,35,26.6021,23.5879,27.711,19.3388,26.384,1.05614,-0.627231,-0.0465845,0.0149063
-85,-80,35,40,26.9574,24.0313,27.3135,19.7562,26.673,0.863617,-0.77119,-0.033354,0.0223287
-85,-80,40,45,27.0339,24.279,27.1814,19.2251,26.6745,0.738947,-0.792867,-0.0237171,0.0238023
-85,-80,45,50,27.1572,23.9449,27.6116,18.6129,26.722,0.455126,-0.779646,-0.00397703,0.0237341
-85,-80,50,55,26.89,23.6354,27.8026,18.9365,26.5463,0.260799,-0.68591,0.00511137,0.0201684
-85,-80,55,60,26.4514,23.3146,27.5884,18.0742,26.2124,0.322881,-0.540421,-0.00219193,0.0131941
-85,-80,60,65,26.1841,23.3359,27.2153,19.9271,25.9611,0.436311,-0.453337,-0.00861521,0.0091858
-85,-80,65,70,26.1259,22.7273,28.5225,18.817,25.8231,0.648347,-0.460557,-0.020516,0.00910805
-85,-80,70,75,26.236,23.1439,28.4014,19.4106,25.9138,0.958415,-0.513971,-0.0357938,0.0106218
-85,-80,75,80,26.6091,23.5028,28.1646,18.9868,26.188,1.10092,-0.58511,-0.043559,0.0129372
-85,-80,80,85,26.8017,21.4922,27.3459,48.8127,26.3721,0.957229,-0.670044,-0.0355026,0.0160375
-85,-80,85,90,27.1739,24.0179,27.7529,18.6658,26.5893,0.668778,-0.723856,-0.0230548,0.01934
-85,-80,90,95,27.0828,23.5672,28.5415,18.1205,26.605,0.376359,-0.688247,-0.010877,0.0181377
-85,-80,95,100,26.8559,23.405,29.2171,18.3075,26.4774,0.0865901,-0.609795,0.00258106,0.0150278
-85,-80,100,105,23.3315,19.99,32.5012,22.6594,23.0008,0.0471132,-0.501059,0.00392246,0.0125347
-85,-80,105,110,16.1874,13.3086,34.6126,24.8595,15.957,-0.112242,-0.302043,0.00656117,0.00742991
-85,-80,110,115,9.6188,7.49113,41.1325,31.3922,9.48036,-0.205898,-0.17483,0.00697958,0.00502859
-85,-80,115,120,3.42106,0,72.0718,0,3.39232,-0.182446,-0.0122837,0.00366991,-0.000218675
-80,-75,0,5,25.2575,22.4117,28.0476,19.4139,24.8615,0.759269,-0.803134,-0.010306,0.0269387
-80,-75,5,10,25.1543,22.4077,27.1803,19.8064,24.9682,0.57761,-0.637706,-0.00339361,0.0202689
-80,-75,10,15,25.4046,22.3574,28.4916,18.9,25.1839,0.617466,-0.519379,-0.00727306,0.0137576
-80,-75,15,20,25.5587,22.5563,27.9133,19.675,25.355,0.68404,-0.441154,-0.0138575,0.00926047
-80,-75,20,25,25.799,22.8545,28.169,20.1527,25.4872,0.728854,-0.409924,-0.0234391,0.00689068
-80,-75,25,30,25.858,23.1324,28.1104,19.962,25.7173,0.86879,-0.450341,-0.0351596,0.00796753
-80,-75,30,35,26.2167,23.4721,27.6383,19.6663,25.9444,0.940348,-0.557566,-0.0411189,0.0126222
-80,-75,35,40,26.4828,23.5245,28.2704,19.4238,26.122,0.862367,-0.683621,-0.0329592,0.0191945
-80,-75,40,45,26.639,23.6535,27.7917,18.8956,26.2182,0.737321,-0.754572,-0.0236026,0.0236564
-80,-75,45,50,26.6215,23.8561,27.47,19.5671,26.2096,0.537809,-0.695176,-0.0112197,0.021125
-80,-75,50,55,26.456,23.6107,27.2877,19.7232,26.128,0.332843,-0.641345,-0.00143316,0.0191731
-80,-75,55,60,26.1463,23.2959,27.2294,19.3777,25.7943,0.390816,-0.529412,-0.00805219,0.0146858
-80,-75,60,65,25.9138,22.822,27.5188,18.4247,25.6702,0.471094,-0.460331,-0.0129747,0.0110849
-80,-75,65,70,25.927,22.7139,28.1795,18.557,25.5757,0.714591,-0.442186,-0.0253677,0.00878728
-80,-75,70,75,26.1387,23.1731,27.7775,19.0486,25.7655,0.98892,-0.49121,-0.0407069,0.0100836
-80,-75,75,80,26.3947,23.3392,27.7716,19.2561,26.1253,1.06433,-0.581518,-0.0437118,0.0129113
-80,-75,80,85,26.746,23.4858,27.8891,18.9736,26.3074,0.9674,-0.644438,-0.0393282,0.0152852
-80,-75,85,90,26.9695,24.0173,27.2973,18.8839,26.4686,0.648287,-0.676272,-0.0245141,0.0171864
-80,-75,90,95,26.9465,23.9387,28.2465,19.2932,26.5005,0.405462,-0.657155,-0.0158859,0.0170803
-80,-75,95,100,26.8736,23.1084,29.2226,17.7166,26.4472,0.112526,-0.617515,-0.00157482,0.0165189
-80,-75,100,105,23.106,19.6658,31.438,20.8115,22.7573,0.0471372,-0.451765,0.00246508,0.0115591
-80,-75,105,110,16.1874,13.5449,34.0967,27.1506,15.926,-0.102761,-0.289281,0.0057351,0.00760074
-80,-75,110,115,9.5345,7.59081,40.0174,38.9069,9.36612,-0.189935,-0.137515,0.0058154,0.00334548
-80,-75,115,120,3.43092,3.43092,74.2143,2.54623,3.37421,-0.163249,-0.0178857,0.0020752,0.000321522
-75,-70,0,5,24.9435,21.89,28.1542,19.3932,24.4979,0.798361,-0.782256,-0.0151508,0.0266664
-75,-70,5,10,25.1529,22.293,27.7644,19.6542,24.7237,0.572095,-0.635359,-0.00551414,0.0205529
-75,-70,10,15,25.3587,22.4434,27.9565,19.0965,25.0259,0.560885,-0.533329,-0.00405915,0.0154095
-75,-70,15,20,25.641,22.828,27.4646,19.7853,25.3289,0.604879,-0.460469,-0.0121943,0.0105902
-75,-70,20,25,25.7689,23.023,27.709,19.8675,25.472,0.73163,-0.467657,-0.0263192,0.0103601
-75,-70,25,30,25.717,22.7132,27.3754,18.9252,25.4147,0.819199,-0.47251,-0.0339105,0.0102072
-75,-70,30,35,25.8502,23.1259,28.1863,19.6963,25.4321,0.918873,-0.541082,-0.0403003,0.01327
-75,-70,35,40,25.9678,23.1187,26.9355,19.2204,25.4933,0.821424,-0.625208,-0.0321741,0.0182915
-75,-70,40,45,26.1796,22.9177,28.2152,18.3402,25.6757,0.789575,-0.680847,-0.0296053,0.0211698
-75,-70,45,50,26.2661,23.2498,27.6871,19.6243,25.729,0.589336,-0.667323,-0.0186258,0.020972
-75,-70,50,55,26.1578,22.5648,28.7996,11.1987,25.58,0.380077,-0.587498,-0.0069882,0.0180784
-75,-70,55,60,25.9144,23.1177,27.578,19.8016,25.4341,0.413516,-0.516646,-0.01017,0.0151787
-75,-70,60,65,25.7998,22.9579,27.8137,19.7315,25.4641,0.582996,-0.465315,-0.0217172,0.0121919
-75,-70,65,70,25.7513,22.9437,27.2905,19.5199,25.3289,0.772689,-0.406699,-0.0289044,0.00772644
-75,-70,70,75,26.1114,23.1663,27.7981,19.2639,25.6903,1.00687,-0.479219,-0.0426418,0.0103036
-75,-70,75,80,26.7102,21.2987,28.5156,32.5557,26.1577,1.07195,-0.582892,-0.0465292,0.0139105
-75,-70,80,85,26.8092,23.8053,27.9207,18.9733,26.2256,0.926958,-0.64656,-0.0396698,0.0165681
-75,-70,85,90,27.0141,23.6463,28.3144,18.2881,26.3625,0.622829,-0.653508,-0.0261505,0.0178063
-75,-70,90,95,26.9804,23.565,28.5374,18.6186,26.3934,0.361782,-0.623721,-0.0134022,0.0160486
-75,-70,95,100,26.9973,23.5077,29.9517,19.0176,26.307,0.127624,-0.58014,-0.00366363,0.0159619
-75,-70,100,105,23.218,19.6267,31.8835,20.9611,22.8002,0.0480302,-0.448822,0.00215902,0.0124075
-75,-70,105,110,16.0909,13.9246,33.3647,28.3965,15.8083,-0.0973502,-0.273404,0.00587078,0.00771565
-75,-70,110,115,9.5388,7.36651,40.2652,35.9609,9.37374,-0.182798,-0.138703,0.0051899,0.0037817
-75,-70,115,120,3.44854,0,71.6437,0,3.38617,-0.155642,-0.0138633,0.00146906,0.000147029
-70,-65,0,5,25.306,22.3001,28.0615,19.267,24.6463,0.820131,-0.771265,-0.0159138,0.0263064
-70,-65,5,10,25.3553,22.291,28.2924,19.0446,24.7514,0.698179,-0.617371,-0.0174255,0.0198953
-70,-65,10,15,25.4534,22.4065,27.6227,19.4069,25.0248,0.692547,-0.554059,-0.0169233,0.0166519
-70,-65,15,20,25.4691,22.4486,27.8909,19.0638,25.1378,0.715134,-0.481842,-0.0240062,0.0123895
-70,-65,20,25,25.4672,22.4947,27.855,19.7265,25.0973,0.72616,-0.433996,-0.0267248,0.00935229
-70,-65,25,30,25.399,22.5904,28.0824,19.8411,25.0385,0.847342,-0.460308,-0.0377833,0.0103385
-70,-65,30,35,25.6348,22.6013,28.6689,19.3261,25.0967,0.88827,-0.531678,-0.0398704,0.0131334
-70,-65,35,40,25.6754,22.6753,28.3423,19.6025,25.1575,0.85196,-0.617953,-0.0354445,0.0182362
-70,-65,40,45,25.816,22.8415,28.1836,20.1874,25.2229,0.757984,-0.678703,-0.0274321,0.0221879
-70,-65,45,50,25.9789,22.7498,28.687,18.9575,25.2635,0.648354,-0.664614,-0.0221599,0.0223997
-70,-65,50,55,25.6977,22.4292,28.1458,18.3642,25.0921,0.427757,-0.567934,-0.0098803,0.0183597
-70,-65,55,60,25.6497,22.6807,27.9305,19.307,25.019,0.459721,-0.457325,-0.0130547,0.0130105
-70,-65,60,65,25.5391,22.7198,27.6296,19.343,25.1027,0.630312,-0.419019,-0.0225464,0.0106994
-70,-65,65,70,25.6062,22.5876,27.8174,19.6084,25.2021,0.811081,-0.430118,-0.0315033,0.0102101
-70,-65,70,75,26.0066,23.0146,27.2661,19.3803,25.5278,0.977788,-0.469899,-0.0417338,0.0107387
-70,-65,75,80,26.5084,23.279,28.1052,18.8421,25.9167,0.985648,-0.545452,-0.0421919,0.0130111
-70,-65,80,85,26.729,23.992,28.1645,20.1011,26.0527,0.827513,-0.599246,-0.034661,0.0150124
-70,-65,85,90,26.8229,23.8296,27.471,19.7898,26.2233,0.612329,-0.627502,-0.028162,0.0170327
-70,-65,90,95,26.9098,23.3799,28.0006,18.2005,26.2905,0.325539,-0.622262,-0.0157347,0.017943
-70,-65,95,100,26.7214,23.4183,29.0185,18.8913,26.1912,0.110868,-0.554294,-0.00477593,0.0154499
-70,-65,100,105,23.1596,19.8141,31.7405,21.6394,22.716,0.112234,-0.448969,-0.00427481,0.0139523
-70,-65,105,110,15.9716,13.3135,34.1159,27.8799,15.6986,-0.0446322,-0.248686,0.00157519,0.007509
-70,-65,110,115,9.56,7.55641,40.4229,42.3108,9.27958,-0.120962,-0.117464,0.000612234,0.00302077
-70,-65,115,120,3.4405,0,72.2873,0,3.36515,-0.155684,-0.0091847,0.00158364,0.000113056
-65,-60,0,5,25.1569,22.1296,27.9537,18.8522,24.4523,0.920805,-0.684788,-0.0228046,0.0232631
-65,-60,5,10,25.2489,22.1192,27.6134,19.3653,24.5803,0.698143,-0.56731,-0.0184488,0.0189883
-65,-60,10,15,25.3462,22.5236,27.461,18.9986,24.7357,0.68678,-0.500523,-0.0201952,0.015159
-65,-60,15,20,25.2786,22.4213,27.614,18.9227,24.8039,0.732306,-0.422213,-0.0259889,0.0102333
-65,-60,20,25,25.1272,22.3618,27.7615,19.7843,24.6924,0.771331,-0.387743,-0.0325796,0.00798024
-65,-60,25,30,25.0506,22.1318,27.769,19.6331,24.5851,0.965454,-0.383281,-0.0467859,0.00732783
-65,-60,30,35,25.1617,22.089,28.6351,19.4063,24.5986,0.902124,-0.493648,-0.0411928,0.0127748
-65,-60,35,40,25.4287,22.6574,28.0825,20.2293,24.7489,0.848651,-0.574039,-0.0374539,0.0167864
-65,-60,40,45,25.5373,22.4031,28.4889,18.5682,24.7726,0.746435,-0.599273,-0.0289384,0.0183185
-65,-60,45,50,25.6176,22.7368,28.1187,19.6825,24.9151,0.629658,-0.618915,-0.021497,0.0207939
-65,-60,50,55,25.5759,22.5352,28.4965,19.8198,24.7875,0.477207,-0.54392,-0.0137814,0.018197
-65,-60,55,60,25.5794,22.4015,28.8752,19.2215,24.8366,0.52708,-0.476706,-0.0174285,0.0147855
-65,-60,60,65,25.4281,22.5201,27.7415,19.3807,24.8105,0.656392,-0.383079,-0.0251134,0.00922879
-65,-60,65,70,25.3341,22.587,27.6164,20.2113,24.8226,0.794403,-0.370866,-0.0294716,0.0081729
-65,-60,70,75,25.6975,22.9544,28.3756,19.9309,25.2227,0.896014,-0.403223,-0.0373379,0.00773391
-65,-60,75,80,26.2471,23.1568,28.3704,19.6195,25.6902,0.940785,-0.499732,-0.0413884,0.0116455
-65,-60,80,85,26.4234,23.1396,28.3277,18.8518,25.737,0.754591,-0.532375,-0.0351928,0.0128066
-65,-60,85,90,26.7122,23.3984,28.3918,18.7608,25.9528,0.537171,-0.568011,-0.02784,0.0152705
-65,-60,90,95,26.7424,23.3016,28.7309,18.2978,25.9318,0.279493,-0.552606,-0.0139905,0.0157588
-65,-60,95,100,26.6046,23.0158,29.3989,18.4794,25.975,0.164598,-0.528312,-0.00991582,0.0164691
-65,-60,100,105,23.1943,19.7008,32.5925,21.401,22.5563,0.145156,-0.425856,-0.00579714,0.0139615
-65,-60,105,110,15.9709,13.2537,34.5795,27.0834,15.6026,-0.0208233,-0.241101,-0.000326845,0.00798313
-65,-60,110,115,9.4795,7.60934,40.1684,42.0884,9.23047,-0.149338,-0.0979641,0.00308926,0.00231631
-65,-60,115,120,3.45261,3.45261,75.0973,2.59282,3.35395,-0.148163,-0.0019181,0.000240936,-0.000352299
-60,-55,0,5,25.2698,22.3888,27.7286,19.1523,24.3547,0.951696,-0.645943,-0.0261807,0.0215857
-60,-55,5,10,25.1462,22.0997,28.3041,19.0826,24.4016,0.785762,-0.509542,-0.0216402,0.016778
-60,-55,10,15,25.0408,22.1382,27.725,19.6813,24.3394,0.838059,-0.391596,-0.028826,0.0106422
-60,-55,15,20,24.901,21.9555,27.4056,19.0549,24.3824,0.858246,-0.340084,-0.0344662,0.00738363
-60,-55,20,25,24.7496,21.9045,27.5679,19.42,24.3087,0.924662,-0.348253,-0.0416724,0.00775833
-60,-55,25,30,24.8689,21.9591,28.3892,19.5411,24.2647,1.00281,-0.380594,-0.0490632,0.00837445
-60,-55,30,35,24.8174,21.8725,27.9842,19.0721,24.2737,0.978691,-0.450582,-0.0471157,0.0109794
-60,-55,35,40,25.1341,22.048,28.544,19.0804,24.4078,0.9197,-0.532646,-0.0428156,0.0152982
-60,-55,40,45,25.2197,22.1236,28.0588,19.0123,24.4704,0.734799,-0.575819,-0.0294845,0.0179884
-60,-55,45,50,25.2826,22.3723,27.966,19.9593,24.5356,0.62317,-0.572897,-0.0229236,0.0184577
-60,-55,50,55,25.3379,22.4975,28.3232,20.3871,24.5742,0.478802,-0.517879,-0.0133591,0.0170536
-60,-55,55,60,25.2769,22.369,27.5282,19.642,24.5586,0.527476,-0.446673,-0.0168582,0.0138284
-60,-55,60,65,25.4246,22.6014,28.4437,19.7959,24.721,0.626578,-0.399655,-0.0231465,0.0110443
-60,-55,65,70,25.4456,22.3713,28.3679,18.9247,24.7888,0.784261,-0.370053,-0.0312486,0.00807276
-60,-55,70,75,25.7491,22.8507,28.2168,19.644,25.1318,0.885759,-0.419365,-0.039176,0.00944466
-60,-55,75,80,26.0102,22.9801,27.4702,18.6374,25.4133,0.872168,-0.471881,-0.0414083,0.0107126
-60,-55,80,85,26.0802,23.0514,27.5253,19.1242,25.4764,0.678767,-0.49023,-0.0333031,0.0113468
-60,-55,85,90,26.4895,23.2607,28.3994,18.7757,25.6946,0.527408,-0.543869,-0.0292302,0.015507
-60,-55,90,95,26.6093,23.1822,28.9952,19.1322,25.7332,0.342262,-0.551986,-0.0214411,0.0172878
-60,-55,95,100,26.5107,23.0041,29.8369,18.8061,25.6461,0.134116,-0.475025,-0.00960431,0.0151481
-60,-55,100,105,23.0355,19.5855,32.2431,21.7829,22.3521,0.137874,-0.40376,-0.00607819,0.0144067
-60,-55,105,110,15.942,13.6872,33.762,29.8589,15.4737,-0.00857491,-0.209679,-0.00244789,0.00714712
-60,-55,110,115,9.454,7.41014,40.8223,37.1468,9.1887,-0.0728794,-0.103177,-0.00302574,0.00315356
-60,-55,115,120,3.41614,0,72.3872,0,3.34781,-0.123961,-0.00270599,-0.00144682,1.79716e-05
-55,-50,0,5,24.9969,22.0904,28.6292,20.2702,23.9877,0.971586,-0.592796,-0.0265601,0.020364
-55,-50,5,10,25.0961,22.2122,27.8796,19.5396,24.0961,0.938092,-0.457981,-0.0338854,0.0147906
-55,-50,10,15,25.1048,22.3073,27.9737,19.5064,24.2788,0.982308,-0.384726,-0.0397177,0.0107225
-55,-50,15,20,25.1054,22.2846,28.3469,19.7493,24.403,1.08337,-0.356304,-0.0504208,0.00899735
-55,-50,20,25,24.8845,22.0955,28.7029,20.5507,24.3524,1.05899,-0.350272,-0.0506123,0.00776963
-55,-50,25,30,24.8527,21.9384,27.863,19.5628,24.2052,1.07811,-0.368463,-0.0531099,0.00772827
-55,-50,30,35,24.6535,21.7831,28.4506,19.8266,24.0645,1.0382,-0.459238,-0.0507777,0.0125492
-55,-50,35,40,24.9025,21.9297,28.7258,19.9411,24.0798,0.878586,-0.513299,-0.0404278,0.0150781
-55,-50,40,45,24.8761,21.8022,28.1212,19.3207,23.9907,0.761235,-0.524611,-0.031801,0.0163443
-55,-50,45,50,25.0143,22.0301,28.688,19.4605,24.1762,0.645206,-0.550483,-0.024444,0.0187134
-55,-50,50,55,25.1997,22.304,28.2705,20.199,24.2432,0.498659,-0.459914,-0.0148717,0.0147302
-55,-50,55,60,25.2141,22.3436,27.9256,19.7463,24.3379,0.543918,-0.406839,-0.0186446,0.0127215
-55,-50,60,65,25.4206,22.5441,27.8877,19.9559,24.6616,0.644489,-0.398281,-0.0249358,0.0111374
-55,-50,65,70,25.2799,22.2809,28.2203,19.2495,24.6259,0.783103,-0.319444,-0.0331528,0.0050657
-55,-50,70,75,25.6146,22.4999,28.599,19.2973,24.9748,0.882699,-0.380625,-0.0404897,0.00727966
-55,-50,75,80,25.7728,22.6022,27.9223,18.9377,25.2078,0.832256,-0.441298,-0.0404825,0.00952245
-55,-50,80,85,26.1563,22.8962,29.0516,19.1839,25.3915,0.652614,-0.506078,-0.0343014,0.0132119
-55,-50,85,90,26.1951,23.0105,28.2126,18.1503,25.4547,0.464414,-0.526522,-0.0274659,0.0157977
-55,-50,90,95,26.2954,23.0184,28.4398,19.0313,25.4134,0.311173,-0.519918,-0.0210867,0.0175136
-55,-50,95,100,26.2561,22.725,29.6772,19.5263,25.4001,0.132653,-0.459678,-0.00792156,0.0157213
-55,-50,100,105,22.7115,19.5506,32.5996,23.4105,22.0056,0.12627,-0.351842,-0.00383804,0.0129002
-55,-50,105,110,15.771,13.1008,33.8684,25.0192,15.2907,0.041185,-0.179818,-0.00457062,0.00596675
-55,-50,110,115,9.2953,7.1002,42.0905,33.0728,9.01849,-0.0950346,-0.0538762,-0.000828254,0.000844836
-55,-50,115,120,3.35627,0,71.7154,0,3.28614,-0.127699,0.0163567,-0.000869766,-0.000979704
-50,-45,0,5,24.6889,21.8454,28.5561,20.2572,23.6368,1.01912,-0.525003,-0.0299675,0.0171751
-50,-45,5,10,24.9082,22.1965,28.3645,20.3864,23.7989,1.00544,-0.407531,-0.0395952,0.0127536
-50,-45,10,15,25.0977,22.2985,28.0864,19.6796,24.1211,1.02864,-0.3815,-0.0422153,0.0111184
-50,-45,15,20,25.1312,22.2755,28.1381,19.7841,24.3237,1.09547,-0.350855,-0.0506752,0.00894202
-50,-45,20,25,25.0462,22.2057,28.1111,20.0336,24.3803,1.07543,-0.372816,-0.0536712,0.00943362
-50,-45,25,30,24.8797,21.9158,27.8623,19.9843,24.2094,1.04867,-0.391552,-0.053246,0.00907401
-50,-45,30,35,24.784,21.9982,28.3855,20.5025,23.9715,0.999308,-0.467777,-0.0494782,0.0134647
-50,-45,35,40,24.6729,21.8867,28.7821,20.8566,23.8727,0.875403,-0.508023,-0.0416131,0.0155316
-50,-45,40,45,24.6691,21.8651,28.0299,20.0052,23.7957,0.770743,-0.510216,-0.0338446,0.016525
-50,-45,45,50,24.8655,22.0599,27.9602,20.48,23.9633,0.582107,-0.51202,-0.02037,0.0172221
-50,-45,50,55,25.1209,22.1683,29.0495,19.6692,24.1627,0.529852,-0.468784,-0.0188143,0.0160351
-50,-45,55,60,25.0082,22.0892,27.133,19.0968,24.1369,0.550123,-0.357879,-0.0194055,0.0105769
-50,-45,60,65,25.2315,22.3332,27.9568,19.4258,24.4688,0.678687,-0.361465,-0.0283797,0.00946465
-50,-45,65,70,25.2101,22.1895,28.2525,18.9142,24.5307,0.79828,-0.341885,-0.0357473,0.00719528
-50,-45,70,75,25.3642,22.0887,28.3889,18.7229,24.7628,0.867126,-0.323995,-0.0425341,0.00446982
-50,-45,75,80,25.8669,22.8825,28.7658,19.7381,25.1259,0.832196,-0.436708,-0.0440276,0.00971653
-50,-45,80,85,25.8983,22.8284,27.9698,18.8099,25.1623,0.59811,-0.459434,-0.0331831,0.0110976
-50,-45,85,90,25.9971,22.8949,28.0359,19.5724,25.2036,0.375187,-0.49715,-0.0226131,0.0154661
-50,-45,90,95,26.0633,22.2102,28.4941,13.54,25.2985,0.263359,-0.513372,-0.0174614,0.0172603
-50,-45,95,100,26.0756,22.6723,29.6676,19.8718,25.149,0.157526,-0.435188,-0.0109561,0.0157229
-50,-45,100,105,22.7215,19.2814,32.2755,20.8371,21.869,0.196063,-0.34516,-0.00741086,0.0131921
-50,-45,105,110,15.8341,13.77,34.7933,30.2054,15.2563,0.0354394,-0.184906,-0.00344091,0.00668001
-50,-45,110,115,9.2514,8.00076,41.1093,45.0339,8.97787,-0.0621374,-0.0601405,-0.00297907,0.00160556
-50,-45,115,120,3.35331,0,72.3892,0,3.29316,-0.124818,0.0138449,-0.00134955,-0.000843517
-45,-40,0,5,24.5913,21.7932,28.6923,20.1794,23.3846,1.09783,-0.511693,-0.0366698,0.0168106
-45,-40,5,10,24.572,21.5547,28.0252,19.0305,23.5208,1.01875,-0.341802,-0.0397361,0.00969717
-45,-40,10,15,24.7612,21.8745,27.8379,19.9434,23.7815,1.13202,-0.313753,-0.0487864,0.00813123
-45,-40,15,20,25.2445,22.4197,28.1546,19.6018,24.2272,1.13788,-0.344167,-0.0534199,0.00825579
-45,-40,20,25,24.946,22.0854,28.0293,20.4784,24.0904,1.1068,-0.363946,-0.0556729,0.00954032
-45,-40,25,30,24.8703,21.8788,28.5802,18.9044,24.1504,1.01588,-0.417929,-0.0522966,0.0106164
-45,-40,30,35,24.6111,21.6758,28.2365,20.0472,23.8435,0.913398,-0.428758,-0.0455408,0.0115017
-45,-40,35,40,24.4945,21.3538,29.0004,19.063,23.7024,0.737664,-0.446386,-0.032665,0.0128376
-45,-40,40,45,24.518,21.7855,28.1601,19.7838,23.7202,0.600873,-0.469083,-0.022319,0.0150417
-45,-40,45,50,24.813,21.8291,28.254,19.4591,23.8028,0.510944,-0.451319,-0.0175883,0.0154544
-45,-40,50,55,25.0612,21.9048,28.4599,19.2433,23.9436,0.488634,-0.400256,-0.0177655,0.0133643
-45,-40,55,60,25.0421,22.108,28.4559,20.3753,24.0464,0.632555,-0.346951,-0.0266524,0.010855
-45,-40,60,65,25.1029,22.1536,28.1737,19.9131,24.2476,0.758348,-0.299374,-0.0355887,0.00690775
-45,-40,65,70,25.1447,22.1891,27.8792,19.5523,24.3581,0.854718,-0.302996,-0.0400081,0.00570218
-45,-40,70,75,25.2522,22.1938,27.9168,18.8765,24.6235,0.910298,-0.304375,-0.0454315,0.00379971
-45,-40,75,80,25.5811,22.5815,27.723,19.1467,24.9782,0.719051,-0.416822,-0.0373946,0.00907577
-45,-40,80,85,25.8024,22.5229,29.1347,18.7178,25.1149,0.508726,-0.458572,-0.0287748,0.0115023
-45,-40,85,90,25.9269,22.7885,28.2936,19.1622,25.1692,0.392216,-0.512729,-0.0247303,0.016552
-45,-40,90,95,26.057,22.66,28.8317,18.8429,25.2046,0.225131,-0.520447,-0.0160264,0.0188618
-45,-40,95,100,26.0234,22.5403,29.2536,18.5227,25.0937,0.13531,-0.474128,-0.00944561,0.0186572
-45,-40,100,105,22.5431,19.1486,32.227,20.754,21.7275,0.175542,-0.299984,-0.00726247,0.0113666
-45,-40,105,110,15.5475,12.9657,34.7945,28.3219,15.0628,0.0516534,-0.136399,-0.00425269,0.00441929
-45,-40,110,115,9.2037,7.04313,41.2232,42.0698,8.92082,-0.0354081,-0.0390818,-0.0046229,0.000697557
-45,-40,115,120,3.34958,0,73.5855,0,3.25028,-0.118649,0.0218199,-0.00140157,-0.00106953
-40,-35,0,5,24.1745,21.523,27.7433,20.0084,23.106,1.13741,-0.439604,-0.0384693,0.0137891
-40,-35,5,10,24.4144,21.4735,28.4335,19.9044,23.2999,1.10442,-0.343732,-0.0457335,0.0103378
-40,-35,10,15,24.6502,21.7997,28.3768,19.9609,23.6192,1.20485,-0.320637,-0.0563578,0.00903522
-40,-35,15,20,24.847,21.9214,27.6059,19.5455,23.8823,1.20757,-0.299589,-0.0605758,0.0063375
-40,-35,20,25,24.832,21.8494,28.0334,19.5643,23.9745,1.13047,-0.34655,-0.0597668,0.00815
-40,-35,25,30,24.6868,21.9204,28.3564,20.3019,23.9774,1.04106,-0.410185,-0.05473,0.0111128
-40,-35,30,35,24.5323,21.554,28.2202,19.5823,23.8286,0.8687,-0.45046,-0.0434979,0.0130719
-40,-35,35,40,24.5363,21.6049,28.449,20.0964,23.7916,0.744663,-0.474025,-0.0340921,0.0150333
-40,-35,40,45,24.3897,21.5584,29.0623,20.3255,23.6041,0.661896,-0.422337,-0.0284265,0.013587
-40,-35,45,50,24.6102,21.3844,28.7487,18.9366,23.6347,0.528122,-0.376326,-0.0197941,0.0123526
-40,-35,50,55,24.7356,21.7566,28.6263,19.8661,23.6397,0.562254,-0.301157,-0.0247256,0.00937541
-40,-35,55,60,24.6936,21.9264,28.3996,19.9411,23.7221,0.671462,-0.261066,-0.0310016,0.00763004
-40,-35,60,65,24.9637,22.0095,28.1001,19.8419,24.069,0.861964,-0.258658,-0.0438597,0.00555073
-40,-35,65,70,24.9361,21.8873,27.9159,19.4534,24.2368,0.919032,-0.258736,-0.0461595,0.00352235
-40,-35,70,75,25.3383,22.1567,28.8108,19.6003,24.6625,0.965856,-0.296534,-0.0525481,0.00344528
-40,-35,75,80,25.4971,22.567,28.121,18.972,24.9082,0.720177,-0.394182,-0.0396904,0.00802373
-40,-35,80,85,25.5748,22.4061,28.7572,18.5824,25.029,0.525176,-0.466797,-0.031553,0.0127428
-40,-35,85,90,25.825,22.5003,28.8446,18.4878,25.0947,0.355347,-0.480553,-0.0252014,0.014967
-40,-35,90,95,26.0275,22.4929,29.42,18.7404,25.1169,0.198492,-0.477889,-0.0155156,0.0165911
-40,-35,95,100,25.921,22.3683,29.776,19.0692,24.9738,0.1808,-0.410824,-0.0124188,0.0155106
-40,-35,100,105,22.4019,19.1275,33.1155,23.4923,21.5777,0.196414,-0.251253,-0.00801069,0.00884921
-40,-35,105,110,15.4033,12.8118,34.7071,28.0988,14.8766,0.0678175,-0.0735211,-0.00566448,0.00148247
-40,-35,110,115,9.1112,6.87729,42.519,47.5661,8.86346,-0.0137284,-0.0126169,-0.00675564,-0.000705108
-40,-35,115,120,3.36475,1.15546,72.5633,145.243,3.28045,-0.0942198,0.0183315,-0.00347133,-0.00085563
-35,-30,0,5,24.1006,21.3088,28.1569,19.9863,22.982,1.16102,-0.451851,-0.0411202,0.0152094
-35,-30,5,10,24.3595,21.1472,28.6087,19.3796,23.1827,1.14093,-0.3184,-0.0498866,0.00946682
-35,-30,10,15,24.6883,21.7951,27.8693,19.0665,23.512,1.18676,-0.321912,-0.055634,0.00942342
-35,-30,15,20,24.7662,21.8773,28.1853,20.1942,23.7284,1.23967,-0.309419,-0.0642186,0.00770771
-35,-30,20,25,24.6315,21.8419,27.7276,19.7785,23.781,1.17268,-0.318433,-0.0640136,0.00715229
-35,-30,25,30,24.5554,21.6506,28.0283,20.0022,23.8198,1.0518,-0.393216,-0.0562308,0.0101404
-35,-30,30,35,24.4668,21.7063,28.5748,20.4549,23.7897,0.900202,-0.439669,-0.04508,0.0126326
-35,-30,35,40,24.3742,21.4544,28.3878,19.5425,23.6244,0.735147,-0.415428,-0.0330275,0.0121862
-35,-30,40,45,24.3565,21.407,28.6929,19.8628,23.5119,0.619064,-0.388217,-0.0253671,0.0124408
-35,-30,45,50,24.5478,21.336,28.9939,19.2759,23.5869,0.556006,-0.317145,-0.0231002,0.00914036
-35,-30,50,55,24.6129,21.3357,28.837,18.6721,23.5631,0.604233,-0.235656,-0.0281385,0.00611154
-35,-30,55,60,24.6038,21.915,28.2699,20.177,23.6462,0.782918,-0.199674,-0.0418957,0.00439361
-35,-30,60,65,24.8926,22.0179,28.3508,19.893,23.9698,0.92564,-0.206464,-0.0490647,0.00264938
-35,-30,65,70,24.9865,21.9311,28.9635,20.088,24.1791,0.995346,-0.236778,-0.0526484,0.00244595
-35,-30,70,75,25.1584,22.1224,28.6562,19.708,24.5078,1.00427,-0.273555,-0.0558933,0.00276603
-35,-30,75,80,25.4521,22.6323,27.9025,20.0396,24.8696,0.783852,-0.358932,-0.046604,0.00615632
-35,-30,80,85,25.5603,22.4848,29.2648,20.075,24.95,0.49236,-0.447396,-0.0312706,0.0119109
-35,-30,85,90,25.7334,22.4805,28.899,19.1693,24.9991,0.271141,-0.461606,-0.0196792,0.0150049
-35,-30,90,95,25.8266,22.5248,29.7338,19.5304,24.9545,0.140749,-0.465298,-0.011272,0.0172271
-35,-30,95,100,25.6516,22.3298,29.7225,19.6304,24.7695,0.111444,-0.363236,-0.00821112,0.0135451
-35,-30,100,105,22.2481,19.0787,32.2788,23.5059,21.4849,0.201152,-0.224623,-0.00949352,0.00806844
-35,-30,105,110,15.3955,12.7176,36.0915,25.5814,14.8317,0.068249,-0.0599114,-0.00512718,0.00121414
-35,-30,110,115,8.9988,7.00792,42.4146,47.0828,8.7871,0.0204162,0.0146496,-0.009543,-0.00199948
-35,-30,115,120,3.3241,0,78.5042,0,3.24424,-0.0790159,0.0306792,-0.00442553,-0.00121659
-30,-25,0,5,23.7649,21.0821,28.7281,20.8925,22.7283,1.14568,-0.376876,-0.0397877,0.0109418
-30,-25,5,10,24.0717,21.2882,27.8612,19.8583,22.9311,1.1391,-0.278151,-0.0493633,0.00785419
-30,-25,10,15,24.3799,21.5406,27.1933,19.6741,23.2786,1.22338,-0.270051,-0.0588447,0.00676595
-30,-25,15,20,24.5642,22.1293,27.6309,20.9988,23.6164,1.28198,-0.308121,-0.0665727,0.00792511
-30,-25,20,25,24.7892,21.7903,28.1899,19.3992,23.7468,1.17465,-0.363503,-0.0627852,0.0100653
-30,-25,25,30,24.6354,21.3469,28.9298,18.7495,23.7971,1.06783,-0.409223,-0.0550064,0.0117953
-30,-25,30,35,24.4873,21.5444,28.6058,19.4724,23.7438,0.928048,-0.427724,-0.0471014,0.0120209
-30,-25,35,40,24.2501,21.2103,29.35,19.8286,23.5753,0.732082,-0.407926,-0.032619,0.0120827
-30,-25,40,45,24.215,21.2232,28.7327,19.305,23.4991,0.601263,-0.35263,-0.0248004,0.0102674
-30,-25,45,50,24.366,21.578,28.5261,20.2348,23.5164,0.543222,-0.310852,-0.0228004,0.0097974
-30,-25,50,55,24.5014,21.4187,28.7783,19.0715,23.5123,0.658664,-0.236334,-0.0344628,0.00691264
-30,-25,55,60,24.7359,21.6808,28.2895,19.8277,23.7078,0.865563,-0.178617,-0.0461629,0.00319893
-30,-25,60,65,25.1876,22.1501,28.4979,19.7561,24.1867,0.996511,-0.222219,-0.0558903,0.00332472
-30,-25,65,70,24.9883,22.1303,28.1313,19.9845,24.2646,1.09976,-0.234269,-0.0625232,0.00208596
-30,-25,70,75,25.2486,22.2153,28.4813,19.6264,24.6936,0.934025,-0.298953,-0.0513979,0.00403243
-30,-25,75,80,25.5674,22.2423,28.3087,18.5669,24.9828,0.712882,-0.40699,-0.0424012,0.00932168
-30,-25,80,85,25.4695,22.3689,28.7559,19.8654,24.8952,0.414462,-0.419573,-0.0247433,0.0111528
-30,-25,85,90,25.7712,22.6011,29.3012,20.237,24.9995,0.241884,-0.466965,-0.0177333,0.0156515
-30,-25,90,95,25.5907,22.2764,29.002,19.3771,24.8263,0.0881824,-0.425031,-0.00837197,0.0154738
-30,-25,95,100,25.5878,22.2542,29.7104,19.6387,24.5887,0.102684,-0.31027,-0.00758005,0.0117489
-30,-25,100,105,22.1179,18.8051,32.5247,23.1455,21.3052,0.232572,-0.174757,-0.0115838,0.00623477
-30,-25,105,110,15.1757,12.9619,35.3474,31.3034,14.7084,0.101527,-0.00763541,-0.00905698,-0.00176652
-30,-25,110,115,8.9006,6.89261,41.0522,35.5362,8.7254,0.0429377,0.0447984,-0.0111686,-0.00366486
-30,-25,115,120,3.29252,0,71.6373,0,3.23707,-0.0726829,0.0451205,-0.00482744,-0.00192403
-25,-20,0,5,23.5975,20.6716,28.6946,20.1038,22.6692,1.19321,-0.371725,-0.0436454,0.0106397
-25,-20,5,10,23.8224,21.1636,28.4336,20.4856,22.8449,1.15679,-0.278504,-0.0513343,0.00818864
-25,-20,10,15,24.2612,21.3457,28.2134,19.6237,23.1886,1.28635,-0.279402,-0.0630113,0.00743958
-25,-20,15,20,24.6243,21.9365,28.2155,21.0606,23.5206,1.34629,-0.319166,-0.0708622,0.00886646
-25,-20,20,25,24.5382,21.6734,27.5633,20.2731,23.5737,1.2316,-0.329127,-0.0652568,0.00847235
-25,-20,25,30,24.5306,21.41,28.9029,18.5789,23.7202,1.03755,-0.382938,-0.0539556,0.0100064
-25,-20,30,35,24.355,21.2162,28.5693,19.4631,23.6436,0.888106,-0.402574,-0.0433669,0.0112204
-25,-20,35,40,24.2553,21.3506,28.9212,20.2724,23.5066,0.680244,-0.379287,-0.0307767,0.0109526
-25,-20,40,45,23.9886,20.8787,29.4182,20.0666,23.3516,0.592327,-0.310585,-0.0254779,0.00852328
-25,-20,45,50,24.2647,21.4388,27.5747,19.3252,23.4416,0.550928,-0.293707,-0.0247788,0.00925082
-25,-20,50,55,24.3974,21.4815,28.0003,19.5817,23.4935,0.676053,-0.21931,-0.0382611,0.00621893
-25,-20,55,60,24.7937,21.6834,28.2797,19.3534,23.7301,0.846584,-0.197028,-0.0487656,0.0040396
-25,-20,60,65,24.9648,22.1728,27.4212,19.733,24.1579,0.986584,-0.194063,-0.0563853,0.00165738
-25,-20,65,70,25.0108,21.8751,27.8591,18.6214,24.2803,1.07306,-0.222221,-0.0596427,0.00200241
-25,-20,70,75,25.2137,22.318,28.0207,19.9112,24.666,0.94422,-0.287829,-0.0522391,0.00385819
-25,-20,75,80,25.6113,22.4642,28.9118,19.512,25.0169,0.602931,-0.398686,-0.0320545,0.00916081
-25,-20,80,85,25.4073,22.1281,28.705,18.8064,24.8681,0.329393,-0.376036,-0.0206613,0.00901785
-25,-20,85,90,25.6148,22.2833,29.4683,18.7549,24.9277,0.125519,-0.409267,-0.0101757,0.0131959
-25,-20,90,95,25.5388,22.3381,29.064,19.6393,24.7998,0.083049,-0.396073,-0.00699285,0.0148591
-25,-20,95,100,25.4214,21.8759,29.7801,18.5842,24.59,0.162311,-0.275566,-0.0130029,0.00990106
-25,-20,100,105,21.9766,18.5561,32.6686,22.6857,21.2062,0.298009,-0.107141,-0.0175624,0.00203219
-25,-20,105,110,15.2473,12.5943,36.2334,26.1326,14.6854,0.164556,0.00677811,-0.0144618,-0.00234825
-25,-20,110,115,8.9435,7.16747,42.707,48.3162,8.73091,0.0644775,0.0381025,-0.0131048,-0.0030876
-25,-20,115,120,3.36507,0,71.8906,0,3.30022,-0.0769086,0.0361117,-0.00463764,-0.00157959
-20,-15,0,5,23.3623,20.5195,28.3461,20.1103,22.5198,1.19621,-0.384649,-0.0433034,0.0121749
-20,-15,5,10,23.6939,20.8513,28.6142,20.0003,22.6694,1.17256,-0.247568,-0.0521879,0.00677283
-20,-15,10,15,24.1115,21.2436,28.4541,20.3234,23.0239,1.26392,-0.268119,-0.0601596,0.00764353
-20,-15,15,20,24.5514,21.4938,28.1846,19.1518,23.415,1.35011,-0.307008,-0.0706314,0.00858574
-20,-15,20,25,24.6439,21.6467,28.1483,19.683,23.6886,1.25302,-0.372059,-0.0662023,0.0110648
-20,-15,25,30,24.5512,21.7588,28.3377,20.799,23.7422,1.09347,-0.390463,-0.0583283,0.0108923
-20,-15,30,35,24.255,21.4891,28.3688,20.0761,23.6833,0.896239,-0.40241,-0.0455774,0.0112628
-20,-15,35,40,24.118,21.1923,28.7764,20.2101,23.5128,0.69284,-0.384752,-0.0320648,0.0115389
-20,-15,40,45,24.1066,22.7011,29.3976,16.4321,23.3426,0.578038,-0.333112,-0.023965,0.0102026
-20,-15,45,50,24.1792,21.0525,28.767,19.2604,23.379,0.62892,-0.271953,-0.030762,0.00814873
-20,-15,50,55,24.4703,21.8901,28.5508,10.3044,23.423,0.701374,-0.211035,-0.0383564,0.00572349
-20,-15,55,60,24.5236,21.3739,27.9805,19.0241,23.5962,0.897277,-0.176481,-0.05303,0.00355343
-20,-15,60,65,25.0769,22.2564,27.9413,19.8164,24.0921,0.951215,-0.19544,-0.0536273,0.00222763
-20,-15,65,70,25.0328,22.245,27.717,19.6156,24.2625,1.06627,-0.198841,-0.0603303,0.000788062
-20,-15,70,75,25.3786,22.3824,28.305,19.6743,24.7402,0.953187,-0.264022,-0.0534225,0.00222403
-20,-15,75,80,25.5563,22.404,28.7686,19.5659,25.0613,0.572412,-0.3613,-0.0314954,0.00749613
-20,-15,80,85,25.4324,22.1174,28.658,18.7686,24.9205,0.270875,-0.351867,-0.0161417,0.00831447
-20,-15,85,90,25.4395,22.2639,29.3584,19.3181,24.7969,0.128607,-0.354415,-0.010022,0.0113818
-20,-15,90,95,25.2357,21.9031,28.5695,18.5093,24.523,0.0413097,-0.288031,-0.00374772,0.0101341
-20,-15,95,100,25.1775,21.587,29.939,19.05,24.397,0.145439,-0.186428,-0.0127951,0.00598834
-20,-15,100,105,21.9466,18.4272,33.4754,21.7208,21.1573,0.35875,-0.0673846,-0.0233833,0.000205702
-20,-15,105,110,15.1815,12.443,36.21,27.8468,14.6476,0.21746,0.0299883,-0.0202862,-0.00366789
-20,-15,110,115,8.89944,7.0326,42.3339,41.3437,8.69867,0.0984798,0.0550383,-0.016535,-0.00387121
-20,-15,115,120,3.30149,3.30149,73.0283,2.41103,3.28251,-0.0354571,0.0534334,-0.00686554,-0.00269537
-15,-10,0,5,23.2589,20.6525,29.6523,21.6974,22.2977,1.20397,-0.350381,-0.0431065,0.0104972
-15,-10,5,10,23.3452,20.5712,28.5094,20.4956,22.4333,1.21223,-0.218542,-0.0535895,0.00549547
-15,-10,10,15,24.2043,21.4499,28.7229,20.6394,23.0352,1.29828,-0.289291,-0.063326,0.00861116
-15,-10,15,20,24.5448,21.7773,27.6496,20.2605,23.3974,1.35814,-0.276084,-0.0710884,0.00688741
-15,-10,20,25,24.7415,21.8405,27.7435,19.2071,23.6542,1.23636,-0.353208,-0.066643,0.0105155
-15,-10,25,30,24.6598,21.1615,28.7489,29.0655,23.7839,1.10648,-0.387595,-0.059096,0.0103755
-15,-10,30,35,24.323,21.5256,28.5822,20.2891,23.6208,0.919007,-0.375618,-0.0470137,0.00969035
-15,-10,35,40,23.9373,20.9541,28.7179,19.7197,23.3771,0.704352,-0.346312,-0.0313602,0.00975428
-15,-10,40,45,23.9191,20.9329,29.0673,19.8511,23.2308,0.606982,-0.297074,-0.0273283,0.00904504
-15,-10,45,50,24.1018,21.1525,29.4698,20.0506,23.292,0.585242,-0.268698,-0.0271739,0.00850175
-15,-10,50,55,24.2417,21.2244,28.6568,19.8129,23.3247,0.689216,-0.192645,-0.0367313,0.00511998
-15,-10,55,60,24.643,21.755,28.268,20.0521,23.7233,0.863463,-0.209742,-0.0501202,0.00508222
-15,-10,60,65,24.9898,22.1226,27.654,19.3766,24.1139,1.04436,-0.208518,-0.0605751,0.00286894
-15,-10,65,70,25.1107,22.1418,27.6153,19.6617,24.2115,1.03373,-0.194872,-0.057955,0.000460228
-15,-10,70,75,25.2243,22.445,28.305,20.1606,24.6071,0.877787,-0.224447,-0.0475183,0.000398786
-15,-10,75,80,25.6726,22.5527,29.2575,19.4083,25.0628,0.54717,-0.348092,-0.0302829,0.00683841
-15,-10,80,85,25.3316,22.1382,28.493,19.2018,24.7995,0.261186,-0.294722,-0.0143289,0.00565015
-15,-10,85,90,25.3727,21.9505,28.9829,18.6788,24.8204,0.146147,-0.283676,-0.0102712,0.00724276
-15,-10,90,95,25.2067,21.9297,29.1315,18.9982,24.5578,0.122541,-0.265927,-0.0113429,0.0094016
-15,-10,95,100,25.2307,21.5851,30.8673,19.6969,24.4704,0.299204,-0.176575,-0.022689,0.0054609
-15,-10,100,105,21.9407,18.506,32.7512,21.9204,21.1508,0.433381,-0.0399821,-0.0288232,-0.00124796
-15,-10,105,110,15.0148,12.376,35.1317,26.0414,14.5671,0.290488,0.0717211,-0.0241369,-0.00581818
-15,-10,110,115,8.9071,6.96875,43.7985,37.9415,8.71908,0.100499,0.0437251,-0.0156189,-0.00338124
-15,-10,115,120,3.36589,2.10253,71.08,128.093,3.32968,-0.0365622,0.0415492,-0.00726986,-0.00194043
-10,-5,0,5,22.8285,19.8851,29.0669,19.866,22.0302,1.19214,-0.332855,-0.0432242,0.0100892
-10,-5,5,10,23.2825,20.3064,28.3778,19.8168,22.3597,1.25422,-0.243211,-0.0566157,0.00696777
-10,-5,10,15,24.1025,21.2318,28.6222,19.4681,22.9762,1.36433,-0.270242,-0.0660075,0.00768214
-10,-5,15,20,24.563,21.7261,27.0312,19.5881,23.4337,1.39703,-0.30748,-0.0734548,0.00865673
-10,-5,20,25,24.616,21.8868,27.6748,20.5965,23.6105,1.2975,-0.303411,-0.0698518,0.0072581
-10,-5,25,30,24.6005,21.7262,27.028,19.6409,23.6879,1.13144,-0.362881,-0.0610055,0.00952276
-10,-5,30,35,24.375,21.3488,28.5988,19.3799,23.6164,0.896849,-0.396303,-0.045748,0.0112587
-10,-5,35,40,23.8105,21.0557,28.8475,20.9964,23.2923,0.778218,-0.332522,-0.0369853,0.00932508
-10,-5,40,45,23.9223,20.7777,29.249,19.0971,23.2122,0.608522,-0.293567,-0.0272539,0.00894861
-10,-5,45,50,24.0054,20.7542,28.9523,18.72,23.2855,0.586865,-0.270822,-0.0275034,0.00858333
-10,-5,50,55,24.1033,21.1976,28.7098,20.0325,23.2476,0.667664,-0.178,-0.0356098,0.00456865
-10,-5,55,60,24.6788,21.5914,28.4305,19.3408,23.5906,0.929646,-0.165626,-0.0550869,0.00320622
-10,-5,60,65,24.9771,22.1333,27.6715,19.5694,23.9723,1.06836,-0.181872,-0.0625402,0.00179391
-10,-5,65,70,25.1095,22.141,28.3636,19.637,24.2274,1.08519,-0.200492,-0.0631448,0.00119791
-10,-5,70,75,25.3367,22.4677,27.4292,19.2738,24.6099,0.931417,-0.250011,-0.0527228,0.00252708
-10,-5,75,80,25.4177,22.5472,27.8075,19.7506,24.9002,0.613867,-0.308403,-0.0347083,0.00506303
-10,-5,80,85,25.2698,22.3006,28.3004,19.444,24.8394,0.261774,-0.280458,-0.0143584,0.00471952
-10,-5,85,90,25.3852,22.0518,29.1084,18.4573,24.8601,0.159082,-0.288619,-0.0120263,0.00760962
-10,-5,90,95,25.4237,22.0451,30.0851,19.3299,24.7155,0.152495,-0.281641,-0.0115422,0.0100138
-10,-5,95,100,25.3136,21.905,30.2754,19.5992,24.4933,0.294125,-0.166261,-0.0231968,0.00545007
-10,-5,100,105,22.0613,18.3651,33.5644,22.9286,21.2685,0.456433,-0.0663574,-0.0284281,0.000342142
-10,-5,105,110,15.1111,12.4726,35.2945,26.7828,14.71,0.285426,0.0486478,-0.0225218,-0.00452509
-10,-5,110,115,8.9392,6.89995,42.5578,46.3483,8.75715,0.114284,0.053525,-0.0165581,-0.00397204
-10,-5,115,120,3.34333,1.21935,69.2676,126.649,3.31257,-0.0319262,0.0472967,-0.00719453,-0.00229913
-5,0,0,5,23.0082,20.2152,28.956,20.4843,22.1325,1.15807,-0.38369,-0.0398828,0.0131057
-5,0,5,10,23.1521,20.4448,28.4561,20.497,22.2794,1.25625,-0.230588,-0.0539659,0.006934
-5,0,10,15,24.0138,21.0942,27.8538,19.2933,22.8882,1.35185,-0.273457,-0.0642744,0.00835507
-5,0,15,20,24.6555,21.7653,28.4375,19.7173,23.3648,1.41622,-0.286938,-0.0725529,0.0077989
-5,0,20,25,24.7625,22.0155,27.2863,19.9434,23.7176,1.30778,-0.363017,-0.0706937,0.0106901
-5,0,25,30,24.6379,21.8393,27.8023,19.8389,23.7532,1.13813,-0.37084,-0.0602564,0.00982954
-5,0,30,35,24.376,21.3674,29.1731,20.0238,23.6031,0.939646,-0.380581,-0.0471994,0.0104292
-5,0,35,40,23.9202,20.9228,28.8525,19.2341,23.3629,0.770568,-0.338875,-0.0363967,0.00929753
-5,0,40,45,23.7372,20.7715,28.8084,20.2345,23.0947,0.609858,-0.263442,-0.0267636,0.00751506
-5,0,45,50,23.8889,20.9447,29.0505,20.1229,23.1896,0.600884,-0.244855,-0.029927,0.00793145
-5,0,50,55,24.1232,21.2307,28.0894,19.6215,23.2658,0.66772,-0.190309,-0.0358309,0.00552241
-5,0,55,60,24.6132,21.7835,28.5626,19.9836,23.5945,0.927815,-0.179235,-0.0547449,0.00399266
-5,0,60,65,25.074,22.039,27.7133,19.2784,24.003,1.02298,-0.219817,-0.0595474,0.00417916
-5,0,65,70,25.0474,22.0959,28.057,19.3742,24.1585,1.09726,-0.171763,-0.0632619,-0.00101163
-5,0,70,75,25.2713,22.4996,28.7489,20.0684,24.5618,0.931069,-0.237857,-0.0512789,0.00184292
-5,0,75,80,25.5068,22.3352,27.8733,18.9716,24.9425,0.516747,-0.337607,-0.0294671,0.00679089
-5,0,80,85,25.3443,22.111,29.2602,19.5076,24.8244,0.258334,-0.286684,-0.015901,0.00512827
-5,0,85,90,25.5512,22.3292,29.6579,19.5317,24.9249,0.129772,-0.318061,-0.0109181,0.00912439
-5,0,90,95,25.4133,22.2119,29.6666,19.8779,24.763,0.185523,-0.29376,-0.0137575,0.0105482
-5,0,95,100,25.442,21.747,30.7439,18.4079,24.6334,0.28688,-0.203146,-0.0208962,0.00717293
-5,0,100,105,21.981,18.4523,32.8186,22.413,21.2959,0.492132,-0.036022,-0.0309908,-0.00116338
-5,0,105,110,15.1804,13.1586,34.9204,32.3273,14.7183,0.289033,0.0678627,-0.0223042,-0.00567448
-5,0,110,115,8.97995,7.13945,42.4164,41.0735,8.79344,0.101062,0.0620763,-0.0145202,-0.00445345
-5,0,115,120,3.42062,0.700432,70.2505,566.446,3.36043,-0.0325904,0.0439407,-0.00692608,-0.00222177
0,5,0,5,22.8426,19.9888,28.8777,20.5403,22.1125,1.21435,-0.362212,-0.0439568,0.0117329
0,5,5,10,23.3263,20.2291,29.4084,19.388,22.2895,1.22636,-0.214553,-0.0541246,0.00551224
0,5,10,15,24.1408,21.348,28.4698,20.2468,22.9563,1.36336,-0.290012,-0.06447,0.00866102
0,5,15,20,24.7497,21.6765,28.3698,19.6846,23.4353,1.39225,-0.313451,-0.0718552,0.00905385
0,5,20,25,24.8414,21.8921,28.1059,19.5962,23.6872,1.2648,-0.334817,-0.0672704,0.00920314
0,5,25,30,24.5816,21.928,27.6276,20.5686,23.7209,1.09457,-0.367957,-0.0579584,0.00985848
0,5,30,35,24.3819,21.4118,28.1965,19.419,23.5829,0.903129,-0.37825,-0.0446849,0.0102446
0,5,35,40,23.932,21.2099,29.6515,20.7832,23.3674,0.716049,-0.349321,-0.0335813,0.0100559
0,5,40,45,23.9275,20.7786,29.4399,19.806,23.2674,0.594145,-0.301795,-0.0250933,0.00893558
0,5,45,50,23.9119,20.9495,29.2657,19.2017,23.1404,0.620165,-0.235466,-0.0302898,0.00756605
0,5,50,55,24.249,21.3372,28.1557,19.5083,23.3669,0.6844,-0.196488,-0.03765,0.00550839
0,5,55,60,24.5358,21.4688,28.5967,19.5729,23.5056,0.914436,-0.168332,-0.0534183,0.00403818
0,5,60,65,25.0412,22.0423,28.098,19.5429,23.9816,1.0356,-0.209002,-0.0616572,0.00399631
0,5,65,70,25.2617,22.198,28.6745,19.3922,24.2276,1.07223,-0.196269,-0.0610273,0.000818125
0,5,70,75,25.2603,22.2769,28.0198,19.508,24.5789,0.885889,-0.225547,-0.0482837,0.000743874
0,5,75,80,25.4574,22.3507,28.4178,19.5668,24.8873,0.569488,-0.31194,-0.031888,0.00575667
0,5,80,85,25.3902,22.1259,29.7181,19.7081,24.8329,0.239407,-0.302071,-0.015346,0.00599703
0,5,85,90,25.3822,22.227,28.7602,19.4991,24.8824,0.135438,-0.295964,-0.00933907,0.00818368
0,5,90,95,25.4445,21.9763,29.3717,18.5325,24.7493,0.180844,-0.274576,-0.012132,0.00952646
0,5,95,100,25.266,21.9262,29.3125,19.6869,24.5433,0.253463,-0.161394,-0.0187348,0.00490038
0,5,100,105,22.132,18.6474,33.2214,22.7678,21.323,0.47551,-0.0747488,-0.0297914,0.000997085
0,5,105,110,15.1774,12.4467,35.2804,24.9188,14.7258,0.307326,0.0422544,-0.0248676,-0.00392346
0,5,110,115,8.98345,6.84099,41.6858,43.0651,8.74552,0.129773,0.0638944,-0.0164755,-0.00428542
0,5,115,120,3.32614,1.38965,71.521,114.784,3.31076,-0.0418391,0.0632127,-0.0064001,-0.0033453
5,10,0,5,22.8655,19.9667,29.7156,20.2249,22.0408,1.18207,-0.336474,-0.0415689,0.0103002
5,10,5,10,23.2905,20.3264,29.0337,19.9051,22.2743,1.23289,-0.219128,-0.0550671,0.00614788
5,10,10,15,24.1177,21.2666,28.5685,20.33,22.973,1.31288,-0.259177,-0.0639759,0.00682162
5,10,15,20,24.6177,21.6031,27.7195,18.8751,23.4635,1.36893,-0.294117,-0.0716197,0.00807775
5,10,20,25,24.6649,22.0144,27.0551,20.5611,23.5847,1.2826,-0.306332,-0.0685558,0.00746774
5,10,25,30,24.6034,21.8291,27.9547,19.7665,23.7767,1.11748,-0.388293,-0.0596743,0.010683
5,10,30,35,24.3905,21.2954,28.386,19.4009,23.6826,0.899851,-0.405927,-0.0454239,0.011309
5,10,35,40,24.0614,21.0956,29.5855,20.0024,23.469,0.721113,-0.372475,-0.0336911,0.0108772
5,10,40,45,23.7687,20.7746,29.1335,19.9571,23.1802,0.634079,-0.297702,-0.0285475,0.00905891
5,10,45,50,23.867,20.9265,28.2035,18.9287,23.184,0.587446,-0.23337,-0.0294016,0.00684159
5,10,50,55,24.2093,21.1163,29.2746,19.4979,23.2512,0.700452,-0.172037,-0.0396405,0.00429944
5,10,55,60,24.6351,21.3917,29.1073,18.3316,23.6162,0.91019,-0.184305,-0.0534804,0.00393418
5,10,60,65,24.8716,22.2389,27.2696,20.1852,23.9243,1.05583,-0.178504,-0.0616807,0.00194606
5,10,65,70,25.0428,22.0267,28.3657,19.3919,24.1588,1.01557,-0.180734,-0.0565641,3.6652e-06
5,10,70,75,25.2593,22.1408,27.8099,18.5731,24.6213,0.916584,-0.244738,-0.0517437,0.00205329
5,10,75,80,25.457,22.2809,28.1049,19.0336,24.9312,0.558519,-0.326153,-0.031908,0.00618395
5,10,80,85,25.3663,22.1639,28.9216,19.8652,24.8825,0.237396,-0.308799,-0.0125953,0.00635548
5,10,85,90,25.3042,22.1861,28.3029,18.6914,24.8078,0.136538,-0.278876,-0.0110265,0.00739507
5,10,90,95,25.3736,21.9429,28.9502,18.3948,24.7105,0.121047,-0.264701,-0.0103712,0.00852254
5,10,95,100,25.2518,21.9562,30.0862,19.9093,24.4912,0.291321,-0.182995,-0.0206411,0.00617162
5,10,100,105,21.8928,18.5704,32.286,22.5384,21.2334,0.467905,-0.0563387,-0.0305536,-0.000315648
5,10,105,110,15.1944,12.4444,34.7323,25.2515,14.7038,0.312586,0.0365052,-0.0247267,-0.00377288
5,10,110,115,8.9658,6.77064,42.1331,42.1546,8.80516,0.126182,0.0451853,-0.016993,-0.00347769
5,10,115,120,3.39158,1.50754,71.6327,205.914,3.3445,-0.0281712,0.0442224,-0.00798744,-0.00233305
10,15,0,5,23.0844,20.2633,29.1872,20.7137,22.217,1.18309,-0.356518,-0.0423599,0.0108607
10,15,5,10,23.3514,20.6921,28.4489,21.1197,22.3709,1.21132,-0.218036,-0.0539015,0.00550143
10,15,10,15,24.1066,20.9849,28.7683,19.1314,22.9642,1.31922,-0.257784,-0.0644743,0.00691739
10,15,15,20,24.5178,21.3704,27.9643,18.802,23.3333,1.29502,-0.278835,-0.0664963,0.00703894
10,15,20,25,24.7351,21.871,27.5297,19.9783,23.5887,1.21117,-0.322931,-0.0647269,0.00864559
10,15,25,30,24.7467,21.7205,28.9368,19.5146,23.834,1.03471,-0.397873,-0.0539339,0.0108508
10,15,30,35,24.2852,21.4955,28.8508,19.5415,23.6427,0.90809,-0.396162,-0.0463284,0.0109853
10,15,35,40,24.0293,21.069,29.3261,20.2788,23.4109,0.720415,-0.356727,-0.0334928,0.0100801
10,15,40,45,23.7722,20.8807,28.7707,19.7758,23.2382,0.621334,-0.307078,-0.0277373,0.00953159
10,15,45,50,24.197,21.3768,29.3632,20.7003,23.3369,0.566432,-0.27965,-0.0266533,0.00917493
10,15,50,55,24.2261,21.3373,28.0339,19.3262,23.3719,0.707602,-0.198104,-0.0394164,0.00512661
10,15,55,60,24.5531,21.8405,27.7617,20.0928,23.6168,0.917706,-0.188268,-0.0538347,0.00418276
10,15,60,65,25.0271,22.0337,27.355,19.7471,24.0683,1.03832,-0.198434,-0.0600209,0.00216609
10,15,65,70,25.1068,22.5166,27.807,20.4151,24.2408,1.03077,-0.185341,-0.0586219,-0.000160719
10,15,70,75,25.3315,22.5116,27.6196,19.3935,24.7195,0.859561,-0.275657,-0.0472059,0.00358135
10,15,75,80,25.5173,22.5797,28.3619,19.9693,25.0397,0.580375,-0.352418,-0.033299,0.00747202
10,15,80,85,25.2357,22.0461,28.5094,18.8089,24.8138,0.232336,-0.296864,-0.0128008,0.00569484
10,15,85,90,25.4127,22.2818,28.807,19.1655,24.854,0.139151,-0.309299,-0.0100113,0.00896172
10,15,90,95,25.2436,21.9991,28.8651,19.0928,24.6106,0.127461,-0.273542,-0.0114768,0.00948357
10,15,95,100,25.3695,21.8281,30.1169,19.1789,24.5273,0.230288,-0.206208,-0.0184371,0.00732902
10,15,100,105,21.848,18.4997,32.9057,22.3191,21.0687,0.421292,-0.0212019,-0.027254,-0.00198944
10,15,105,110,15.1542,12.3266,36.3463,27.2818,14.6628,0.275609,0.0408691,-0.0227114,-0.00438284
10,15,110,115,8.8893,6.85034,41.6127,38.474,8.74652,0.111824,0.0537757,-0.0167553,-0.00405917
10,15,115,120,3.33953,1.87753,70.0191,151.603,3.31393,-0.045607,0.0420188,-0.00680004,-0.00202662
15,20,0,5,23.4375,20.3779,28.5612,19.3571,22.5147,1.15509,-0.376388,-0.0399145,0.0118198
15,20,5,10,23.6942,20.7817,28.5698,19.7583,22.6636,1.19964,-0.250192,-0.053247,0.00679242
15,20,10,15,24.1537,21.2434,27.9004,19.6383,23.0235,1.29316,-0.280422,-0.0628365,0.0083602
15,20,15,20,24.3618,21.5253,27.969,19.5411,23.2389,1.29166,-0.265695,-0.0673413,0.00677182
15,20,20,25,24.5704,21.9004,27.8549,20.4046,23.5559,1.24512,-0.311803,-0.0661078,0.00781681
15,20,25,30,24.6388,22.0203,28.4967,20.8895,23.7143,1.06815,-0.37968,-0.0555966,0.0105319
15,20,30,35,24.3474,21.4304,28.1931,19.2995,23.6613,0.902864,-0.404139,-0.0449774,0.0111136
15,20,35,40,24.053,21.1626,28.057,19.9377,23.4177,0.721552,-0.359499,-0.0334352,0.0102499
15,20,40,45,23.996,20.8997,29.0437,19.8651,23.282,0.623288,-0.300387,-0.0279359,0.00870367
15,20,45,50,24.1855,21.2206,28.6718,19.9683,23.3617,0.614218,-0.276317,-0.0305269,0.00880629
15,20,50,55,24.379,21.229,29.1353,19.6234,23.4431,0.640429,-0.194699,-0.0346234,0.0045351
15,20,55,60,24.6296,21.8624,27.8185,19.8579,23.7109,0.909494,-0.207166,-0.0523039,0.00517571
15,20,60,65,24.9956,22.0817,28.4433,19.7803,24.0853,0.983192,-0.210052,-0.0569656,0.00324093
15,20,65,70,25.1321,22.1741,28.2364,19.8987,24.2746,1.06122,-0.191728,-0.0600106,-4.0211e-05
15,20,70,75,25.3058,22.515,28.2532,19.8304,24.6989,0.920648,-0.247043,-0.0509211,0.00195123
15,20,75,80,25.5717,22.5309,28.4946,18.9405,24.9432,0.583651,-0.34573,-0.0320228,0.00693452
15,20,80,85,25.3554,22.2667,28.8744,19.3757,24.8514,0.246456,-0.323819,-0.0138347,0.0063098
15,20,85,90,25.4026,22.1189,28.7572,18.7835,24.8008,0.0649259,-0.343502,-0.0056457,0.0104401
15,20,90,95,25.4677,22.0931,29.381,18.8998,24.7049,0.0660475,-0.327918,-0.00678157,0.0119834
15,20,95,100,25.2947,21.7228,30.5644,18.873,24.4135,0.170477,-0.192781,-0.0144164,0.00612235
15,20,100,105,21.9687,18.6008,32.9295,22.4212,21.0989,0.325483,-0.0549933,-0.0200844,-9.63628e-05
15,20,105,110,15.115,12.8444,34.5573,31.8108,14.6376,0.232795,0.0454025,-0.0199027,-0.00458193
15,20,110,115,8.8936,6.90237,41.5687,43.1029,8.73905,0.0696347,0.0350683,-0.0138408,-0.00296873
15,20,115,120,3.35992,2.05232,70.0677,134.924,3.31719,-0.0420084,0.0425536,-0.00711731,-0.00219523
20,25,0,5,23.6277,20.7523,28.8926,20.2759,22.6535,1.16236,-0.378641,-0.0409975,0.0117287
20,25,5,10,23.9165,21.0361,28.8765,19.8754,22.8174,1.19644,-0.253421,-0.0540251,0.00686183
20,25,10,15,24.348,21.4573,27.924,19.9911,23.2022,1.29377,-0.273485,-0.0643098,0.0069042
20,25,15,20,24.6173,21.8981,27.7209,19.5942,23.4565,1.30608,-0.312454,-0.0682449,0.00888196
20,25,20,25,24.5623,21.7124,27.7809,20.1267,23.5897,1.22598,-0.309197,-0.0655808,0.00710938
20,25,25,30,24.4369,21.547,28.0035,19.4317,23.6034,1.05461,-0.375468,-0.0551071,0.0101582
20,25,30,35,24.4028,21.2629,28.9591,19.1335,23.6885,0.873977,-0.404987,-0.0433123,0.0113121
20,25,35,40,24.152,21.0905,29.5525,20.1033,23.4304,0.713681,-0.371963,-0.0330587,0.0108263
20,25,40,45,24.0254,21.2597,28.8809,20.2482,23.2888,0.603825,-0.289049,-0.0270949,0.00792231
20,25,45,50,24.3581,21.2894,28.8939,19.4748,23.4204,0.560931,-0.289266,-0.0272911,0.00914479
20,25,50,55,24.4041,21.452,28.7588,19.7702,23.453,0.653693,-0.213187,-0.0349883,0.00575434
20,25,55,60,24.7688,21.7999,28.1517,19.9683,23.744,0.845355,-0.181877,-0.0463339,0.0035711
20,25,60,65,25.3331,22.1089,29.0884,18.954,24.25,1.01668,-0.236591,-0.0569927,0.00429792
20,25,65,70,25.1962,22.2311,27.75,19.5984,24.3797,1.08889,-0.235835,-0.0615057,0.00222451
20,25,70,75,25.38,22.4515,28.6187,19.6345,24.6642,0.916784,-0.266309,-0.0497875,0.0026635
20,25,75,80,25.4649,22.5366,28.4868,19.7106,24.9518,0.637176,-0.384728,-0.0361571,0.00844408
20,25,80,85,25.5203,22.1937,28.9022,19.0502,24.9003,0.285647,-0.389748,-0.0171566,0.00957133
20,25,85,90,25.4407,22.2836,29.2959,19.4067,24.8668,0.1542,-0.389282,-0.0114209,0.0119933
20,25,90,95,25.4838,22.1364,29.4737,18.9333,24.7595,0.091704,-0.371063,-0.00651305,0.0134826
20,25,95,100,25.388,22.0366,29.186,19.2055,24.5389,0.157593,-0.253345,-0.0111238,0.00885639
20,25,100,105,21.903,18.5845,32.5836,23.0219,21.239,0.272708,-0.123219,-0.0162031,0.00280165
20,25,105,110,15.119,12.419,36.0388,26.4095,14.6367,0.194546,0.0261792,-0.0173609,-0.00329213
20,25,110,115,8.9063,6.92237,42.8666,39.7507,8.72291,0.0763115,0.0448875,-0.0138279,-0.0036047
20,25,115,120,3.32844,0,72.4592,0,3.28981,-0.0798131,0.0319605,-0.00466362,-0.00117446
25,30,0,5,23.8726,20.9984,28.5641,19.7204,22.8545,1.16237,-0.417175,-0.0404807,0.0131341
25,30,5,10,24.1494,21.4144,28.4757,20.3444,22.9995,1.18462,-0.302545,-0.0539841,0.00932615
25,30,10,15,24.3427,21.7014,27.7373,20.3375,23.2664,1.23466,-0.257368,-0.0589771,0.00621643
25,30,15,20,24.6341,21.9506,27.0495,20.001,23.5273,1.22333,-0.295296,-0.0631367,0.00766457
25,30,20,25,24.7443,22.212,28.1471,21.0057,23.7947,1.1786,-0.359309,-0.062217,0.00970921
25,30,25,30,24.4741,21.7096,28.0355,20.2809,23.7847,1.06433,-0.390455,-0.0547417,0.0104345
25,30,30,35,24.3957,21.2768,28.8287,19.3526,23.7179,0.917535,-0.418524,-0.0453551,0.0114177
25,30,35,40,24.1461,21.0883,29.4508,19.734,23.4901,0.718833,-0.392249,-0.0328427,0.0114706
25,30,40,45,24.1041,21.2298,29.0495,20.1848,23.3602,0.578008,-0.343866,-0.0234135,0.0106552
25,30,45,50,24.5013,21.6549,28.6177,20.0346,23.6294,0.575799,-0.364129,-0.0249523,0.0125792
25,30,50,55,24.589,21.5822,28.6183,19.2858,23.6576,0.650392,-0.257278,-0.0333864,0.00744551
25,30,55,60,24.8044,21.9721,28.1255,19.8435,23.819,0.850955,-0.217508,-0.0468565,0.00498024
25,30,60,65,25.0794,22.0129,28.4692,19.3147,24.1317,1.00617,-0.218529,-0.0556679,0.00373634
25,30,65,70,25.087,21.9943,28.4841,19.4457,24.3045,1.05063,-0.236791,-0.057736,0.00259295
25,30,70,75,25.1947,22.317,28.2521,20.2581,24.5917,0.988761,-0.293622,-0.0546424,0.0038453
25,30,75,80,25.4678,22.4263,27.943,19.1321,24.8502,0.68657,-0.385436,-0.0382944,0.00780656
25,30,80,85,25.3579,22.3532,28.0037,19.5212,24.8447,0.436626,-0.40168,-0.0263552,0.00989007
25,30,85,90,25.6401,22.3037,28.9147,19.2784,24.9236,0.23488,-0.464244,-0.0165462,0.0157544
25,30,90,95,25.6222,22.1351,29.7205,18.4055,24.7682,0.105915,-0.426047,-0.00994495,0.0159961
25,30,95,100,25.5783,21.9096,30.2653,18.4173,24.5951,0.16933,-0.296581,-0.0133952,0.0104752
25,30,100,105,22.1697,19.0762,32.9027,23.3532,21.3063,0.25569,-0.160814,-0.0132179,0.00471698
25,30,105,110,15.2225,12.6197,35.1182,31.7244,14.7472,0.144619,-0.0173239,-0.0122893,-0.00119356
25,30,110,115,9.0113,7.08342,41.5803,46.6734,8.77585,0.0355858,0.0221853,-0.0105809,-0.00229252
25,30,115,120,3.36624,0,78.561,0,3.28559,-0.0893401,0.0300888,-0.00375283,-0.00124787
30,35,0,5,24.0281,21.2272,28.2215,19.9794,22.8913,1.14283,-0.408729,-0.0397226,0.0127529
30,35,5,10,24.3249,21.3058,29.0522,19.9075,23.1349,1.12323,-0.311792,-0.048322,0.00937148
30,35,10,15,24.5288,21.7326,27.6887,20.342,23.4349,1.19309,-0.31037,-0.0559049,0.00899896
30,35,15,20,24.6014,21.9071,27.3621,19.9061,23.6651,1.17547,-0.317725,-0.0604476,0.00836568
30,35,20,25,24.7203,21.8978,28.1137,20.3176,23.8343,1.17197,-0.347349,-0.0622886,0.00885598
30,35,25,30,24.6297,21.7687,28.4781,20.0152,23.8565,1.04841,-0.423088,-0.0567256,0.0121804
30,35,30,35,24.5844,21.6385,29.3849,20.4289,23.8073,0.896312,-0.438784,-0.0432078,0.0125516
30,35,35,40,24.4406,21.327,28.8828,19.1214,23.6122,0.712293,-0.409486,-0.0297728,0.0119641
30,35,40,45,24.3227,21.5908,28.4475,20.4894,23.4666,0.606224,-0.374604,-0.023295,0.0117474
30,35,45,50,24.5228,21.774,28.8526,20.7075,23.5824,0.612157,-0.331494,-0.026846,0.0106315
30,35,50,55,24.6116,21.4569,29.2148,19.5915,23.5614,0.620225,-0.245122,-0.0290897,0.00689805
30,35,55,60,24.744,21.9181,28.2147,20.5124,23.6919,0.778729,-0.199428,-0.0404495,0.00405403
30,35,60,65,24.964,22.0844,28.8795,20.3804,23.942,0.940683,-0.18214,-0.0503781,0.00143987
30,35,65,70,24.9131,21.886,27.506,19.4466,24.1666,1.05961,-0.215743,-0.058058,0.00119403
30,35,70,75,25.2007,21.992,28.5652,18.6727,24.5433,0.983529,-0.297682,-0.0539902,0.00392567
30,35,75,80,25.5101,22.3795,28.4765,18.8505,24.9742,0.782613,-0.409349,-0.045115,0.00898495
30,35,80,85,25.473,23.0151,27.9177,18.7989,24.8976,0.47061,-0.416775,-0.0291862,0.0101206
30,35,85,90,25.7675,22.6829,28.7572,19.93,24.9875,0.280755,-0.454998,-0.0204077,0.0143315
30,35,90,95,25.7581,22.4516,28.7387,18.9286,24.9346,0.177242,-0.459358,-0.0141542,0.0169026
30,35,95,100,25.6285,22.3535,29.4964,19.8535,24.7764,0.144453,-0.343408,-0.0122162,0.0122725
30,35,100,105,22.4051,19.1025,33.8188,23.8501,21.5138,0.215045,-0.245801,-0.0102756,0.00930867
30,35,105,110,15.2844,12.6554,34.494,25.1792,14.8216,0.112269,-0.0555815,-0.00981953,0.000755771
30,35,110,115,9.078,7.03126,41.5687,42.0888,8.82265,-0.0116533,-0.00221236,-0.0063206,-0.000944672
30,35,115,120,3.33508,0,74.1255,0,3.24518,-0.0956068,0.0267527,-0.00318325,-0.000968944
35,40,0,5,24.312,21.069,29.0784,18.9927,23.1067,1.16569,-0.444144,-0.041431,0.0140654
35,40,5,10,24.5307,21.6772,28.4337,20.2931,23.3213,1.09535,-0.3468,-0.0457558,0.0112971
35,40,10,15,24.7982,21.8031,28.7076,19.3951,23.7328,1.20191,-0.334118,-0.0555116,0.0095591
35,40,15,20,24.8041,22.1165,28.1037,20.0957,23.7875,1.14554,-0.31989,-0.0557794,0.00816186
35,40,20,25,24.8073,21.9864,28.0124,19.4814,23.892,1.1001,-0.336769,-0.0578619,0.00778497
35,40,25,30,24.5845,21.6247,27.7704,18.5967,23.9184,0.988455,-0.404406,-0.0506234,0.0107217
35,40,30,35,24.7555,21.4778,29.1192,29.9616,23.9227,0.875108,-0.459372,-0.0434001,0.0132666
35,40,35,40,24.4432,21.8203,28.1552,20.0474,23.6598,0.763098,-0.438998,-0.0349846,0.0132319
35,40,40,45,24.4557,21.291,28.5925,18.6883,23.5654,0.62934,-0.416144,-0.0256044,0.0130629
35,40,45,50,24.5942,21.7767,28.3642,19.6859,23.636,0.567324,-0.373148,-0.0214636,0.0123158
35,40,50,55,24.84,21.9762,28.5089,19.8536,23.6537,0.56527,-0.31399,-0.0236538,0.0102324
35,40,55,60,24.7705,21.925,28.4342,20.0198,23.7341,0.673777,-0.247786,-0.0314071,0.00658688
35,40,60,65,24.8879,21.8993,27.5852,19.2005,23.9802,0.816254,-0.213543,-0.0406204,0.0030852
35,40,65,70,24.9361,21.9925,27.9238,19.3924,24.0923,0.902034,-0.208163,-0.0441478,0.000959971
35,40,70,75,25.1255,22.1679,27.8053,18.9823,24.5557,0.964113,-0.285979,-0.0529484,0.00316933
35,40,75,80,25.5457,20.8755,28.1763,21.5095,25.0131,0.73941,-0.413431,-0.0424863,0.00864298
35,40,80,85,25.6218,22.613,28.0134,19.7309,24.9884,0.51421,-0.430072,-0.0320842,0.0102954
35,40,85,90,25.8609,22.7541,28.2385,19.6505,25.1208,0.317498,-0.489522,-0.0233398,0.0152773
35,40,90,95,25.9771,22.7699,28.3572,19.3435,25.0481,0.176146,-0.48344,-0.0139307,0.0175059
35,40,95,100,25.9447,22.6317,29.489,19.802,24.945,0.153722,-0.400357,-0.0112764,0.01495
35,40,100,105,22.5408,19.1452,33.1413,22.7398,21.708,0.173301,-0.299281,-0.00704568,0.0114098
35,40,105,110,15.4413,12.8288,34.7068,27.155,14.96,0.0696101,-0.114339,-0.0069169,0.0036989
35,40,110,115,9.05216,7.12331,41.6276,41.9556,8.81247,-0.0271595,0.000911621,-0.00522307,-0.00143343
35,40,115,120,3.3231,3.3231,72.6539,2.41436,3.23899,-0.100063,0.0281995,-0.00297614,-0.00119402
40,45,0,5,24.4168,21.4874,28.6274,20.0504,23.3023,1.10963,-0.461935,-0.0360291,0.0141225
40,45,5,10,24.6527,21.6626,28.3684,19.9548,23.5658,1.05477,-0.374054,-0.0426162,0.0116518
40,45,10,15,24.9948,22.0306,27.9831,19.0711,23.9553,1.08835,-0.36536,-0.047611,0.0107651
40,45,15,20,25.0948,22.0189,28.0841,19.0224,24.1545,1.0982,-0.344141,-0.050545,0.0086481
40,45,20,25,24.9473,22.3132,28.0052,20.6329,24.194,1.09253,-0.362855,-0.0546572,0.00855853
40,45,25,30,24.7664,21.8554,28.1023,19.4435,24.1238,1.0498,-0.41639,-0.0540275,0.0107328
40,45,30,35,24.8087,21.6258,28.7295,20.0216,23.9925,0.879768,-0.468022,-0.0425904,0.0133742
40,45,35,40,24.5441,21.7376,28.2289,19.7016,23.7022,0.767683,-0.471485,-0.0350898,0.0147112
40,45,40,45,24.6879,21.8672,28.2864,20.8059,23.7553,0.646636,-0.485525,-0.026758,0.0157998
40,45,45,50,24.9022,21.8279,28.1663,18.9906,23.8684,0.542725,-0.462614,-0.0198614,0.015612
40,45,50,55,24.9511,21.8317,28.1775,19.0869,23.893,0.462031,-0.39031,-0.0161003,0.0129763
40,45,55,60,24.9683,22.0891,27.83,19.1932,24.0007,0.620192,-0.324954,-0.0268373,0.00937751
40,45,60,65,24.9724,22.3758,27.3601,19.7516,24.1385,0.743993,-0.293952,-0.033578,0.00698873
40,45,65,70,25.07,22.1458,27.8669,19.7822,24.2632,0.826326,-0.251662,-0.0381145,0.0029349
40,45,70,75,25.4461,22.3501,28.2888,18.9656,24.7857,0.908383,-0.355432,-0.0460939,0.0064949
40,45,75,80,25.5931,22.583,28.3251,19.2633,25.02,0.702145,-0.407283,-0.0368818,0.00824086
40,45,80,85,25.6379,22.7101,27.8943,18.9892,24.9818,0.506681,-0.429829,-0.0282775,0.0103079
40,45,85,90,26.0068,22.6476,28.6983,18.3304,25.234,0.342952,-0.502921,-0.0219247,0.0153643
40,45,90,95,26.0746,22.7319,28.7372,18.4952,25.2148,0.203947,-0.524814,-0.0155847,0.0189358
40,45,95,100,26.1712,22.5896,30.0744,18.5592,25.185,0.160862,-0.468967,-0.0112058,0.0179192
40,45,100,105,22.5811,19.1295,32.9081,21.7563,21.7442,0.228048,-0.308785,-0.0117054,0.0112906
40,45,105,110,15.5252,13.0085,34.708,28.3659,15.0325,0.0228266,-0.126023,-0.00182062,0.00402678
40,45,110,115,9.1154,7.67898,42.444,46.1698,8.8992,-0.0477298,-0.0265188,-0.00443081,-0.000202797
40,45,115,120,3.31877,0,74.3707,0,3.25949,-0.110541,0.0261454,-0.00163111,-0.00139219
45,50,0,5,24.6379,21.8368,27.9182,19.7304,23.6499,1.04834,-0.526507,-0.0318942,0.0170114
45,50,5,10,24.8564,22.1384,27.7926,20.0972,23.7907,1.0074,-0.382202,-0.0380478,0.011291
45,50,10,15,25.1448,22.2623,28.1833,19.8594,24.1521,1.03992,-0.370963,-0.0426658,0.0102243
45,50,15,20,25.2147,22.2954,28.3026,19.7597,24.4058,1.05887,-0.377662,-0.0485904,0.010139
45,50,20,25,25.0246,22.0903,28.0647,19.4192,24.3159,1.10478,-0.361933,-0.0554454,0.00881236
45,50,25,30,24.8736,21.8309,27.9672,19.4989,24.2848,1.0213,-0.416975,-0.0508076,0.0107052
45,50,30,35,24.8128,21.9996,28.5277,20.0668,24.0601,0.998267,-0.449138,-0.049976,0.0118468
45,50,35,40,24.627,22.0535,28.1172,20.7609,23.8594,0.854273,-0.50824,-0.039119,0.0156835
45,50,40,45,24.6395,21.8104,28.1471,19.8871,23.8595,0.703295,-0.548984,-0.0291225,0.0183817
45,50,45,50,24.9452,21.9,28.4516,19.4994,23.9632,0.563834,-0.499248,-0.0192843,0.0168277
45,50,50,55,25.087,22.3432,28.4049,20.5882,24.1331,0.500862,-0.471629,-0.0172953,0.0158653
45,50,55,60,25.1791,22.2049,27.7865,19.9525,24.255,0.539883,-0.401877,-0.0197157,0.0127155
45,50,60,65,25.2069,22.4191,27.321,19.5817,24.3841,0.684515,-0.344414,-0.0294044,0.00886701
45,50,65,70,25.3684,22.3445,28.3866,19.2666,24.5322,0.820147,-0.325739,-0.0360483,0.00613328
45,50,70,75,25.3418,22.6903,28.0853,20.314,24.7948,0.889855,-0.333945,-0.0437181,0.00496554
45,50,75,80,25.7163,22.576,28.3153,19.4157,25.1508,0.784723,-0.432134,-0.0395002,0.00895259
45,50,80,85,25.9423,22.7075,28.4751,19.2642,25.1592,0.585954,-0.491446,-0.0317214,0.0131513
45,50,85,90,26.0284,22.7786,28.5478,18.8497,25.2332,0.373015,-0.492238,-0.0230783,0.0147489
45,50,90,95,26.1555,22.9644,28.8629,19.239,25.3124,0.284432,-0.521409,-0.0195824,0.0180935
45,50,95,100,26.1858,22.6425,30.0332,19.3343,25.2355,0.208715,-0.454549,-0.0145075,0.0163525
45,50,100,105,22.7021,19.4566,31.6248,22.8795,21.9634,0.174909,-0.358056,-0.00751125,0.0135732
45,50,105,110,15.6257,13.123,34.0462,27.7932,15.1577,-0.000534997,-0.145623,-0.00141793,0.00454968
45,50,110,115,9.2398,7.03197,41.5242,32.7884,8.98697,-0.0768928,-0.054099,-0.00246681,0.00122155
45,50,115,120,3.34479,0,73.1159,0,3.28731,-0.122433,0.0146233,-0.00118194,-0.000810477
50,55,0,5,24.9135,22.0376,28.3451,19.7027,23.9583,1.03717,-0.570231,-0.0313485,0.0186347
50,55,5,10,25.04,22.3851,28.121,20.8931,24.1229,0.945354,-0.471014,-0.0348786,0.0157
50,55,10,15,25.1771,22.1828,27.8479,19.4002,24.4059,1.01278,-0.423049,-0.0413333,0.0126079
50,55,15,20,25.0533,22.1739,27.4683,19.7169,24.3567,1.00076,-0.337834,-0.0428748,0.00818554
50,55,20,25,24.9744,22.1044,28.0141,19.9467,24.2892,1.07228,-0.339497,-0.0529229,0.00747319
50,55,25,30,24.5898,21.6788,27.6645,20.0118,24.1045,1.05838,-0.385983,-0.0520145,0.00955488
50,55,30,35,24.7291,21.7982,28.6922,20.2322,24.1027,1.07051,-0.460127,-0.0546886,0.0120577
50,55,35,40,24.7724,22.0359,27.9259,20.2804,23.958,0.928573,-0.49224,-0.0440939,0.0140717
50,55,40,45,24.9424,22.1318,28.5562,20.0144,24.0503,0.786882,-0.539318,-0.0338595,0.0169468
50,55,45,50,25.0127,22.2798,27.8737,19.2741,24.1732,0.678081,-0.533468,-0.025967,0.0175485
50,55,50,55,25.2622,22.0777,28.5836,18.5435,24.3047,0.506421,-0.504873,-0.0168765,0.0173183
50,55,55,60,25.2978,22.167,28.6112,19.4466,24.4671,0.562094,-0.430735,-0.0201924,0.0133591
50,55,60,65,25.1761,22.3918,27.3395,20.0868,24.5127,0.603831,-0.355717,-0.0227752,0.00912884
50,55,65,70,25.3003,22.467,28.0675,19.8361,24.6149,0.777638,-0.362662,-0.0328525,0.00820222
50,55,70,75,25.4941,22.4427,28.2595,18.8458,24.8766,0.907563,-0.34928,-0.0421421,0.00554294
50,55,75,80,25.8131,22.9635,28.1123,19.7547,25.2312,0.830989,-0.439901,-0.0404044,0.00922363
50,55,80,85,26.1261,23.0563,28.9176,19.4906,25.3282,0.652316,-0.496368,-0.0348334,0.0129049
50,55,85,90,26.192,23.2682,27.2147,19.6387,25.3986,0.469202,-0.509972,-0.0284664,0.0148757
50,55,90,95,26.3747,23.1185,28.922,19.2648,25.5056,0.274044,-0.537059,-0.0185132,0.0180036
50,55,95,100,26.3293,22.8349,29.8081,18.2646,25.3948,0.153142,-0.465691,-0.00987182,0.0164184
50,55,100,105,22.9371,19.5047,32.8897,22.2684,22.1254,0.178119,-0.383575,-0.0083851,0.0145476
50,55,105,110,15.7527,13.3107,34.1406,27.9079,15.2989,-0.0101822,-0.185156,-0.000768604,0.00625661
50,55,110,115,9.4002,7.8005,42.14,45.2958,9.09331,-0.0834438,-0.0698641,-0.00112214,0.00146192
50,55,115,120,3.39164,3.39164,78.7238,2.67003,3.29728,-0.15011,0.00335799,0.000878468,-0.000139785
55,60,0,5,25.1241,22.2194,28.0367,19.4712,24.2677,1.01917,-0.625076,-0.0296945,0.0208247
55,60,5,10,25.1463,22.2671,28.0173,19.7517,24.3407,0.827737,-0.468314,-0.0260057,0.0141258
55,60,10,15,25.1501,22.2588,28.0054,19.5709,24.443,0.895255,-0.407899,-0.0308441,0.0114864
55,60,15,20,25.056,22.0065,28.0169,19.2666,24.4074,0.908497,-0.368159,-0.037642,0.00931635
55,60,20,25,24.8384,21.8987,28.013,19.0886,24.3626,0.920286,-0.345462,-0.0411977,0.0072894
55,60,25,30,24.7159,21.9705,27.6414,19.9518,24.2591,0.990195,-0.369564,-0.0483069,0.00759487
55,60,30,35,24.8992,22.0353,28.7118,20.2665,24.2685,0.979632,-0.467861,-0.0465814,0.0123672
55,60,35,40,24.919,22.041,28.351,19.7854,24.3007,0.895949,-0.511754,-0.0409543,0.0145137
55,60,40,45,25.1839,22.3344,27.833,20.3415,24.363,0.739053,-0.58306,-0.0297174,0.0189526
55,60,45,50,25.4979,22.5701,28.4807,19.911,24.6243,0.633083,-0.593619,-0.0232668,0.0197813
55,60,50,55,25.3943,22.2911,28.5647,18.6729,24.5548,0.490159,-0.517382,-0.0142896,0.0171917
55,60,55,60,25.3625,22.5054,27.8454,20.0725,24.5877,0.512406,-0.45603,-0.0152504,0.0143407
55,60,60,65,25.452,22.1971,27.8758,18.0019,24.7219,0.659726,-0.40671,-0.0248437,0.0111909
55,60,65,70,25.2838,22.3085,27.9768,19.4546,24.6925,0.819304,-0.353032,-0.0334807,0.00750418
55,60,70,75,25.7098,22.61,28.7011,19.6355,25.073,0.908562,-0.394312,-0.0408349,0.0077224
55,60,75,80,26.0574,23.0302,28.4712,19.5437,25.445,0.864549,-0.483137,-0.0409573,0.0115483
55,60,80,85,26.1852,22.954,28.2845,18.6174,25.4837,0.697926,-0.475915,-0.0354166,0.0104297
55,60,85,90,26.3845,23.1935,28.4847,19.3114,25.6919,0.45953,-0.552163,-0.0255515,0.0160487
55,60,90,95,26.5999,23.1177,29.6368,19.6731,25.6767,0.335483,-0.516681,-0.0221624,0.015216
55,60,95,100,26.4489,22.8625,29.9412,19.0875,25.6989,0.15689,-0.520614,-0.0102106,0.0175755
55,60,100,105,22.9833,19.7227,32.0678,22.5263,22.2811,0.167259,-0.366965,-0.00875001,0.0116819
55,60,105,110,16.0014,13.408,34.4837,28.5855,15.5777,0.0124077,-0.238344,-0.00238343,0.00828097
55,60,110,115,9.4158,7.38648,40.3944,33.0068,9.17064,-0.105145,-0.0977244,-0.000553728,0.00293781
55,60,115,120,3.40817,0,73.0714,0,3.31101,-0.151611,0.00819681,0.000778869,-0.000624662
60,65,0,5,25.1876,22.3269,27.6426,19.659,24.4647,0.934816,-0.678044,-0.0254032,0.0225706
60,65,5,10,25.3969,22.3741,28.7435,19.2705,24.6179,0.706475,-0.584578,-0.020023,0.0200235
60,65,10,15,25.288,22.3777,27.8103,19.3287,24.6655,0.737704,-0.499532,-0.0235787,0.0152013
60,65,15,20,25.3992,22.3488,28.6251,19.6983,24.7869,0.735795,-0.445059,-0.0252798,0.0118992
60,65,20,25,25.0977,22.4447,26.7916,19.8933,24.6945,0.777077,-0.390059,-0.0330575,0.00839348
60,65,25,30,25.1044,22.4115,28.1127,19.7717,24.6202,0.844911,-0.417038,-0.0383727,0.00922963
60,65,30,35,25.2438,22.1109,28.8149,19.3048,24.6498,0.924021,-0.494486,-0.0429473,0.0129596
60,65,35,40,25.3674,22.3156,28.1794,19.8472,24.6848,0.824392,-0.569645,-0.0346083,0.0168275
60,65,40,45,25.5152,22.4467,28.2082,18.7425,24.7496,0.756036,-0.604135,-0.0303955,0.0190784
60,65,45,50,25.603,22.6608,28.2724,19.7493,24.8843,0.625998,-0.617058,-0.02217,0.0206551
60,65,50,55,25.6261,22.5709,28.6135,19.6923,24.8116,0.469341,-0.534448,-0.0127459,0.0172863
60,65,55,60,25.5249,22.4621,28.697,19.1731,24.7903,0.575178,-0.469859,-0.0199142,0.014395
60,65,60,65,25.5572,22.6908,28.5831,20.1157,24.9313,0.640187,-0.4047,-0.0226766,0.00993101
60,65,65,70,25.4279,22.6195,28.3634,20.021,24.9111,0.774778,-0.384242,-0.0293569,0.00824277
60,65,70,75,25.7676,22.6093,28.0767,18.6749,25.2247,0.937443,-0.38476,-0.0407333,0.00649321
60,65,75,80,26.297,23.4144,28.1234,19.8722,25.7093,0.906917,-0.516069,-0.0400384,0.0124738
60,65,80,85,26.4152,23.2041,28.5041,18.421,25.7407,0.749337,-0.534048,-0.0343287,0.0128135
60,65,85,90,26.7134,23.5432,27.873,19.0014,25.9671,0.558904,-0.592653,-0.0278755,0.0168003
60,65,90,95,26.8587,23.7192,28.5185,19.9096,26.0246,0.313062,-0.590217,-0.0183537,0.0181065
60,65,95,100,26.6764,23.1546,30.0954,19.2954,25.9422,0.148867,-0.536889,-0.00921445,0.0168634
60,65,100,105,23.0786,19.5064,32.2987,21.4579,22.5104,0.119072,-0.420625,-0.00380767,0.0137169
60,65,105,110,15.9723,13.2169,34.722,24.8513,15.6209,-0.0399392,-0.246947,0.000509678,0.00825551
60,65,110,115,9.5201,7.45633,41.0965,33.7916,9.28677,-0.110789,-0.124915,-0.00035277,0.0040868
60,65,115,120,3.44278,0,76.7303,0,3.31459,-0.155357,-0.000471441,0.00152927,-0.000257988
65,70,0,5,25.2398,22.2273,28.2557,19.1886,24.5663,0.853094,-0.760569,-0.0192455,0.0261228
65,70,5,10,25.4039,22.4903,27.3921,19.391,24.8496,0.682348,-0.655422,-0.0148024,0.0224857
65,70,10,15,25.5073,22.6476,28.2109,20.0384,25.1154,0.698803,-0.551323,-0.0191465,0.0159249
65,70,15,20,25.6595,22.5111,28.4075,18.418,25.2052,0.656957,-0.483938,-0.0196336,0.0123754
65,70,20,25,25.3716,22.5382,26.9707,19.3136,25.0426,0.738437,-0.416457,-0.0296266,0.00826154
65,70,25,30,25.4136,22.5927,27.2777,19.6397,25.0495,0.77096,-0.452716,-0.0317915,0.00999216
65,70,30,35,25.527,22.5372,28.4344,19.9372,25.0362,0.864256,-0.531655,-0.0382504,0.0138843
65,70,35,40,25.6249,22.5948,27.8089,19.9899,25.046,0.83579,-0.598316,-0.0340575,0.0174348
65,70,40,45,25.8453,22.6603,27.981,18.4317,25.1902,0.731315,-0.647948,-0.0271513,0.0200233
65,70,45,50,25.8537,22.6546,28.2564,18.242,25.2026,0.582516,-0.643574,-0.0174137,0.0213052
65,70,50,55,25.8417,22.7849,28.6152,19.2769,25.1917,0.462588,-0.593244,-0.0121233,0.0200228
65,70,55,60,25.5467,22.723,27.737,19.5215,24.9796,0.503688,-0.460346,-0.0163588,0.0131031
65,70,60,65,25.7326,22.9059,27.583,19.7068,25.1868,0.589271,-0.46373,-0.0202754,0.0133457
65,70,65,70,25.596,22.9041,27.2901,20.1993,25.1812,0.835241,-0.424195,-0.0340064,0.0098785
65,70,70,75,25.8859,22.7474,27.2987,18.9495,25.5115,1.01354,-0.445016,-0.0444154,0.00895405
65,70,75,80,26.4184,23.3283,27.4398,18.8055,25.9378,1.01653,-0.570551,-0.0443619,0.0146705
65,70,80,85,26.5886,23.5068,27.5152,18.6716,26.0538,0.847886,-0.589236,-0.0373028,0.0144001
65,70,85,90,26.8306,23.5472,27.8311,18.4373,26.1794,0.65526,-0.616615,-0.0322217,0.0166606
65,70,90,95,26.8754,23.7121,28.229,19.2014,26.2396,0.320114,-0.618946,-0.0143471,0.0178683
65,70,95,100,26.7816,23.1833,29.3713,18.4769,26.2472,0.148295,-0.569112,-0.00589436,0.0163636
65,70,100,105,23.0085,20.1226,31.11,23.0934,22.5987,0.0941448,-0.429724,-0.000970463,0.0131647
65,70,105,110,15.968,13.6626,34.2333,28.7373,15.7177,-0.0562901,-0.264581,0.00219394,0.00815088
65,70,110,115,9.4454,7.29403,40.3437,36.2539,9.28112,-0.116737,-0.117044,6.51099e-05,0.00299436
65,70,115,120,3.46269,3.46269,73.2934,2.53793,3.3597,-0.144146,-0.00753189,0.000880539,-0.000113075
70,75,0,5,24.8983,22.1913,27.427,20.1353,24.4483,0.798809,-0.762886,-0.013704,0.0253872
70,75,5,10,25.151,22.8305,28.3039,21.0179,24.6672,0.605955,-0.63985,-0.00889409,0.0210936
70,75,10,15,25.3304,22.4369,28.3062,19.7126,25.0369,0.602025,-0.529578,-0.00833544,0.014909
70,75,15,20,25.5952,22.9157,28.0543,19.917,25.2679,0.65299,-0.45901,-0.0156595,0.0106708
70,75,20,25,25.7437,22.8088,28.0481,19.2778,25.4423,0.719966,-0.443274,-0.0253834,0.0089815
70,75,25,30,25.7365,22.8458,27.7903,19.6078,25.4167,0.820594,-0.479401,-0.0341361,0.0105399
70,75,30,35,25.9396,22.7607,28.3622,18.8251,25.4435,0.92204,-0.536129,-0.0408366,0.0129934
70,75,35,40,26.0566,22.9767,28.1218,18.338,25.5124,0.811275,-0.626948,-0.0332531,0.0178788
70,75,40,45,26.1006,23.402,27.5059,19.6082,25.6186,0.766597,-0.668856,-0.0277004,0.020293
70,75,45,50,26.2334,23.2044,27.4604,19.2482,25.6997,0.563481,-0.655268,-0.0154991,0.0203669
70,75,50,55,26.1251,23.007,28.3364,19.2302,25.617,0.408308,-0.610195,-0.00928124,0.0196902
70,75,55,60,25.829,22.8964,27.1218,19.5862,25.4009,0.449208,-0.499431,-0.0131563,0.0143002
70,75,60,65,25.8331,22.8027,27.9303,19.1429,25.417,0.554085,-0.455056,-0.0200373,0.0117112
70,75,65,70,25.8677,22.7247,28.399,19.2612,25.4536,0.778994,-0.458102,-0.0318987,0.0105053
70,75,70,75,26.1998,23.1209,28.5852,18.9801,25.7818,0.975132,-0.501964,-0.041747,0.0112877
70,75,75,80,26.6024,23.7249,28.0517,19.9452,26.1042,1.06878,-0.595728,-0.0464926,0.0149129
70,75,80,85,26.9671,23.7791,28.3674,18.6008,26.2865,0.911324,-0.645462,-0.0384881,0.0164205
70,75,85,90,27.067,23.8508,28.2211,19.1928,26.41,0.612273,-0.667451,-0.025945,0.0180092
70,75,90,95,26.8687,23.6696,28.7337,18.7977,26.2906,0.330818,-0.598089,-0.0128019,0.015154
70,75,95,100,26.651,23.4388,28.6311,19.0062,26.224,0.129905,-0.566658,-0.00377645,0.0156316
70,75,100,105,23.1945,19.4856,33.0123,21.0631,22.7678,0.0767573,-0.429189,0.000134272,0.011497
70,75,105,110,16.0441,13.443,33.4328,24.705,15.7578,-0.0937476,-0.263904,0.00566802,0.00732809
70,75,110,115,9.5145,7.8886,40.8547,43.92,9.33627,-0.156767,-0.135157,0.0038097,0.00370341
70,75,115,120,3.42859,3.42859,74.2721,2.54648,3.37494,-0.169901,-0.016851,0.00258196,0.000335318
75,80,0,5,25.2515,22.3208,28.786,19.5482,24.8559,0.732083,-0.800644,-0.00848132,0.0266562
75,80,5,10,25.3112,22.3345,28.483,19.5985,25.031,0.573933,-0.643067,-0.00286044,0.0198856
75,80,10,15,25.484,22.548,28.1727,19.9904,25.1857,0.57158,-0.529527,-0.00264729,0.0141401
75,80,15,20,25.5401,22.4521,28.3525,19.2638,25.3594,0.629237,-0.431988,-0.0112162,0.00873039
75,80,20,25,25.5928,22.7595,27.1555,19.8969,25.3669,0.755775,-0.363138,-0.0255209,0.00447557
75,80,25,30,26.0175,23.0131,27.8277,19.4145,25.7813,0.869649,-0.463408,-0.0356761,0.00867692
75,80,30,35,26.2844,23.4392,27.5044,19.1014,25.951,0.911459,-0.570053,-0.038204,0.0133224
75,80,35,40,26.6051,23.4779,27.9881,18.6559,26.1625,0.856494,-0.695398,-0.033907,0.0195594
75,80,40,45,26.6362,23.6864,27.4542,19.094,26.2417,0.734924,-0.746901,-0.0251845,0.0229047
75,80,45,50,26.7508,23.9785,27.3019,19.6714,26.2964,0.530435,-0.728374,-0.0108154,0.0225953
75,80,50,55,26.5521,21.486,27.8532,15.8901,26.0576,0.348752,-0.636489,-0.00165187,0.019428
75,80,55,60,26.2859,23.1068,28.1604,18.6708,25.9002,0.320832,-0.54863,-0.00321371,0.0150816
75,80,60,65,26.0207,22.9489,27.7754,18.8013,25.6503,0.488346,-0.454647,-0.0129473,0.0107019
75,80,65,70,25.865,22.9198,27.7195,18.9497,25.5432,0.7158,-0.454699,-0.0253428,0.00985536
75,80,70,75,26.1734,23.1515,28.5296,19.567,25.7893,0.999983,-0.481847,-0.0402563,0.00938191
75,80,75,80,26.5688,23.4495,27.9852,18.7399,26.1389,1.09277,-0.590429,-0.046272,0.0139821
75,80,80,85,26.9034,23.7723,27.8392,19.0426,26.3144,0.946417,-0.665482,-0.037175,0.0167571
75,80,85,90,27.0215,23.9611,28.4516,18.989,26.4413,0.657754,-0.655222,-0.0253975,0.015676
75,80,90,95,27.0562,23.8067,28.292,18.7862,26.4634,0.381993,-0.65211,-0.0130342,0.0168901
75,80,95,100,26.8545,23.3248,29.2344,18.6051,26.4322,0.182517,-0.584831,-0.00508855,0.0148139
75,80,100,105,23.1415,19.9754,31.13,22.5934,22.7672,0.0349762,-0.433109,0.00430018,0.0104589
75,80,105,110,16.1139,13.4362,33.906,23.1373,15.8185,-0.10754,-0.264051,0.00511903,0.00663572
75,80,110,115,9.5815,7.67025,40.4539,39.4423,9.38187,-0.186853,-0.143956,0.00542066,0.00371615
75,80,115,120,3.46129,0,72.8763,0,3.37298,-0.183648,-0.0106418,0.00341212,-0.000276116
80,85,0,5,25.8288,23.0677,27.1677,19.2798,25.7151,0.663341,-0.856181,-0.00311675,0.0281098
80,85,5,10,25.927,22.8528,27.6532,18.888,25.6585,0.553722,-0.677924,-9.31004e-05,0.021074
80,85,10,15,26.0179,23.1709,28.1151,19.5436,25.8755,0.590482,-0.566987,-0.00243765,0.0147657
80,85,15,20,26.1093,23.1992,27.1862,19.1567,26.0336,0.682581,-0.484839,-0.0125556,0.00946282
80,85,20,25,26.1607,23.1118,27.8697,18.7087,26.0532,0.816261,-0.455183,-0.024558,0.00751576
80,85,25,30,26.4552,23.3633,28.2475,19.0127,26.1908,0.918192,-0.533243,-0.0370365,0.0110923
80,85,30,35,26.6396,23.3792,27.5772,18.1379,26.3908,1.00151,-0.649375,-0.0429907,0.0161201
80,85,35,40,26.7775,24.1862,27.0107,19.4094,26.5446,0.91698,-0.740867,-0.036617,0.0211462
80,85,40,45,27.0477,24.0768,27.6882,19.258,26.7127,0.69367,-0.789801,-0.0198027,0.0235543
80,85,45,50,26.9876,24.1658,27.1175,19.1725,26.656,0.518439,-0.749977,-0.00692846,0.0222636
80,85,50,55,26.9894,23.8798,28.2302,19.1176,26.582,0.271416,-0.685509,0.00413957,0.0203227
80,85,55,60,26.4086,23.5747,27.508,19.1729,26.1424,0.281707,-0.527317,0.00197373,0.0132336
80,85,60,65,26.0844,23.4109,27.6842,19.7257,25.9072,0.443245,-0.430337,-0.0095225,0.00816133
80,85,65,70,25.8557,22.9957,26.9769,19.4713,25.7565,0.704426,-0.436072,-0.0243812,0.00778078
80,85,70,75,26.272,23.1693,28.1874,18.6889,25.8261,0.967833,-0.461871,-0.0382449,0.00749221
80,85,75,80,26.5894,23.3689,28.0108,19.1477,26.1377,1.10735,-0.575285,-0.0441344,0.0124452
80,85,80,85,26.9543,23.7904,27.9867,18.9126,26.395,0.965706,-0.695503,-0.0354221,0.0176883
80,85,85,90,26.9529,23.922,27.3966,18.8486,26.4908,0.640056,-0.697489,-0.0203492,0.0180754
80,85,90,95,26.9467,23.746,28.2389,18.9899,26.5789,0.394954,-0.682243,-0.011736,0.0176283
80,85,95,100,26.8248,23.2139,29.6264,18.4433,26.4643,0.114204,-0.594542,0.000807748,0.0141706
80,85,100,105,23.1514,19.6151,32.2432,21.6805,22.9215,0.00150088,-0.460974,0.00736886,0.0108035
80,85,105,110,16.101,13.4499,33.8941,24.882,15.9142,-0.123416,-0.269634,0.00789898,0.00561679
80,85,110,115,9.5443,7.40774,40.3861,28.4432,9.37594,-0.214533,-0.146063,0.00806339,0.00352451
80,85,115,120,3.46485,0,72.642,0,3.3875,-0.170472,-0.011891,0.00279176,-0.000300406
85,90,0,5,26.5962,23.5985,27.2884,18.6004,26.4567,0.597099,-0.836585,0.00155514,0.0262675
85,90,5,10,26.7887,23.5859,28.1543,18.4103,26.6154,0.426571,-0.685203,0.00749959,0.0197
85,90,10,15,26.7979,23.6816,27.4617,18.3711,26.7378,0.454251,-0.566286,0.00551163,0.0131292
85,90,15,20,26.8686,23.7894,27.4804,18.9553,26.7478,0.610279,-0.49009,-0.0104755,0.0085512
85,90,20,25,26.8526,22.2161,27.041,12.309,26.7524,0.690807,-0.485789,-0.0206564,0.00736516
85,90,25,30,26.7508,23.5055,27.2389,38.7195,26.6372,0.91104,-0.520173,-0.0370168,0.008068
85,90,30,35,26.9324,24.0148,27.9103,19.2352,26.8073,0.948023,-0.688268,-0.0390284,0.0161098
85,90,35,40,26.9885,24.1429,27.3217,19.4436,26.756,0.808337,-0.781633,-0.0291277,0.021973
85,90,40,45,27.2207,24.1955,27.962,18.863,26.8909,0.691982,-0.817447,-0.0176626,0.0235463
85,90,45,50,27.2351,24.3577,27.1113,18.9261,26.9636,0.44564,-0.793156,-5.02654e-05,0.02306
85,90,50,55,26.9419,23.8377,27.3684,18.6482,26.6465,0.231898,-0.655989,0.0080872,0.0170875
85,90,55,60,26.5806,23.4408,28.0362,19.3158,26.4426,0.195169,-0.556193,0.00950969,0.0132598
85,90,60,65,26.3707,23.405,27.5813,18.8711,26.2227,0.355187,-0.451172,-0.00248494,0.00772882
85,90,65,70,26.1708,23.2424,27.2342,19.1526,26.0524,0.667007,-0.467722,-0.0204252,0.00858142
85,90,70,75,26.3585,23.4913,27.3143,18.6573,26.0976,0.924221,-0.495098,-0.0339577,0.00881999
85,90,75,80,26.6118,23.691,27.657,19.5177,26.3258,1.11706,-0.621261,-0.0412374,0.0141688
85,90,80,85,26.7648,23.7952,27.853,19.4953,26.4194,0.997326,-0.701513,-0.0345592,0.0170974
85,90,85,90,27.087,23.7625,28.5887,18.6782,26.6719,0.699001,-0.728234,-0.0214676,0.0180584
85,90,90,95,27.0656,23.8825,28.3263,19.2844,26.6604,0.364552,-0.676537,-0.00734241,0.0158552
85,90,95,100,26.9336,23.3631,29.4475,18.216,26.5776,0.0570399,-0.615449,0.00735086,0.0136101
85,90,100,105,23.1694,19.6673,32.4838,21.6426,23.0077,0.0277844,-0.488581,0.00692718,0.0112052
85,90,105,110,16.156,14.0751,34.2754,29.1132,16,-0.165835,-0.305805,0.0116529,0.0069157
85,90,110,115,9.6817,7.54061,41.478,29.3751,9.50351,-0.240108,-0.177146,0.0102186,0.00457282
85,90,115,120,3.46099,0,71.6183,0,3.43536,-0.175448,-0.0341214,0.0035019,0.000914169
90,95,0,5,27.7488,24.752,26.8947,18.7426,27.8383,0.527534,-0.913349,0.00565739,0.0266227
90,95,5,10,27.9392,24.7752,27.508,18.9414,27.8229,0.313145,-0.741072,0.0124285,0.0200675
90,95,10,15,27.8304,24.7365,26.8821,18.23,27.767,0.297675,-0.590641,0.0127771,0.0119802
90,95,15,20,27.5561,24.4692,27.6504,18.7004,27.5366,0.419493,-0.513769,-0.000937258,0.00833139
90,95,20,25,27.1708,24.375,26.4591,19.0219,27.1676,0.564303,-0.427989,-0.0176819,0.00292095
90,95,25,30,27.0625,24.1861,27.49,19.1465,27.0009,0.750351,-0.501883,-0.032278,0.00595824
90,95,30,35,26.8574,21.1439,27.6311,21.3725,26.8162,0.787146,-0.66893,-0.0352223,0.0142872
90,95,35,40,26.6163,23.6054,27.8809,19.104,26.5159,0.699009,-0.736434,-0.0264675,0.0182602
90,95,40,45,26.6643,23.786,26.9615,18.8032,26.5679,0.548473,-0.819756,-0.0107409,0.0231966
90,95,45,50,26.7556,23.9514,27.6987,19.2784,26.7175,0.332028,-0.798473,0.007341,0.0228717
90,95,50,55,26.7457,23.737,27.4605,18.5391,26.6334,0.112471,-0.676552,0.0183152,0.0177273
90,95,55,60,26.5707,23.4501,27.619,18.4742,26.4484,0.134215,-0.527046,0.0152676,0.0104989
90,95,60,65,26.3463,23.3428,27.4127,18.7813,26.2741,0.289865,-0.431846,0.00292895,0.00572547
90,95,65,70,26.2914,23.2449,27.4663,18.8898,26.1969,0.602972,-0.454035,-0.0145848,0.00677718
90,95,70,75,26.4147,23.2985,28.2142,19.2448,26.252,0.982375,-0.502381,-0.0352031,0.00836967
90,95,75,80,26.6339,23.5984,27.7201,19.0188,26.4748,1.16694,-0.625083,-0.0444789,0.0138198
90,95,80,85,26.6793,23.7223,26.7138,18.6757,26.4947,1.04595,-0.689523,-0.0360672,0.0157337
90,95,85,90,26.7853,23.9607,27.3054,18.9687,26.6184,0.689524,-0.714337,-0.0173574,0.016641
90,95,90,95,27.0052,23.6101,28.5877,18.5329,26.6751,0.410234,-0.69431,-0.00696556,0.0161422
90,95,95,100,26.9938,23.3228,29.8845,18.5528,26.6526,0.101216,-0.629404,0.00722913,0.0135683
90,95,100,105,23.2193,19.7442,32.1124,22.3201,23.0711,-0.0386438,-0.489437,0.0137498,0.0101431
90,95,105,110,16.1123,13.9748,33.1625,29.0005,16.044,-0.167222,-0.311168,0.0123691,0.00664677
90,95,110,115,9.6284,7.57167,40.5947,35.9119,9.51288,-0.211566,-0.170024,0.00883497,0.00377777
90,95,115,120,3.5086,0,71.6883,0,3.47976,-0.188643,-0.0382811,0.00455781,0.000919315
95,100,0,5,28.7266,25.6768,26.4417,18.3103,28.722,0.416888,-0.972492,0.0147558,0.0267273
95,100,5,10,28.6918,25.5766,26.4972,18.1986,28.668,0.0492734,-0.797949,0.032202,0.0204102
95,100,10,15,28.3934,25.3605,26.5642,18.7432,28.4941,0.0482882,-0.61125,0.0304736,0.0109601
95,100,15,20,28.305,25.2693,27.3833,18.7324,28.2643,0.154462,-0.498219,0.0153723,0.00577177
95,100,20,25,27.839,24.4669,27.3204,17.9801,27.8888,0.357638,-0.465139,-0.00475885,0.00424874
95,100,25,30,27.3565,24.4493,27.5123,18.6654,27.4149,0.69478,-0.485895,-0.0293307,0.00537192
95,100,30,35,27.2653,23.971,27.5583,17.6046,27.2285,0.826218,-0.674794,-0.0367196,0.0142899
95,100,35,40,26.9133,23.1502,27.5426,35.1984,26.8666,0.740701,-0.795694,-0.0279093,0.0204828
95,100,40,45,26.6035,23.5864,27.9113,19.1128,26.5907,0.533,-0.87927,-0.00779066,0.0257017
95,100,45,50,26.5086,23.6038,27.1702,18.8219,26.3895,0.308015,-0.768235,0.0119466,0.0199573
95,100,50,55,26.1627,23.2383,27.4526,18.7017,26.1585,0.0600703,-0.648335,0.0250963,0.0153061
95,100,55,60,26.1013,23.2308,27.6565,19.8508,26.0385,0.0906627,-0.48037,0.0209204,0.00746329
95,100,60,65,26.3437,23.385,28.357,19.4487,26.2395,0.292426,-0.410956,0.00341151,0.00396525
95,100,65,70,26.3442,23.346,27.6246,19.2376,26.34,0.576974,-0.46765,-0.0134032,0.00649225
95,100,70,75,26.5604,23.3867,27.6279,18.7565,26.4383,0.958793,-0.532749,-0.0321863,0.00921478
95,100,75,80,26.5167,23.7342,27.4737,19.77,26.5175,1.15288,-0.615883,-0.0397337,0.0123527
95,100,80,85,26.9343,23.8248,28.1247,19.0195,26.7246,1.03113,-0.761491,-0.0309459,0.0186776
95,100,85,90,26.9728,23.7027,27.5109,18.0716,26.8014,0.7183,-0.768892,-0.0152063,0.0186852
95,100,90,95,26.9089,23.8565,28.936,19.6634,26.7369,0.406218,-0.704943,-0.00274671,0.0157142
95,100,95,100,26.7856,23.3549,29.143,19.1881,26.6664,0.127285,-0.624994,0.00784595,0.0121352
95,100,100,105,23.1668,19.7133,31.4233,21.4883,23.1397,0.00376694,-0.492941,0.0125834,0.00870969
95,100,105,110,16.1515,13.735,33.2812,27.8801,16.1172,-0.176615,-0.305898,0.0145366,0.00537841
95,100,110,115,9.5962,7.80623,39.1657,41.043,9.56125,-0.215643,-0.183653,0.00990149,0.00411568
95,100,115,120,3.51603,3.51603,73.9573,2.60036,3.48984,-0.191948,-0.0364356,0.0053417,0.000644931
100,105,0,5,28.9595,26.0933,27.0405,18.7042,29.0328,0.383018,-1.00981,0.0171199,0.0277645
100,105,5,10,28.9686,25.6148,27.5927,17.9415,29.0165,0.000516484,-0.828526,0.0360427,0.020777
100,105,10,15,28.8223,25.6458,27.2628,17.9275,28.7249,-0.106942,-0.624155,0.0425948,0.0118311
100,105,15,20,28.5163,25.3162,27.275,18.6359,28.5592,0.00875662,-0.476083,0.0301592,0.00401063
100,105,20,25,28.1044,25.015,26.5978,18.7046,28.211,0.377516,-0.426418,-0.00118141,0.0021738
100,105,25,30,27.7748,24.9926,27.092,18.684,27.9148,0.612319,-0.45897,-0.0184456,0.00328196
100,105,30,35,27.7875,24.5591,27.5767,17.9253,27.8233,0.86574,-0.659003,-0.0321669,0.0132943
100,105,35,40,27.5473,24.3614,28.1279,18.3872,27.5864,0.822044,-0.768724,-0.0261382,0.018267
100,105,40,45,27.356,24.3051,27.7426,18.8386,27.3942,0.641233,-0.883121,-0.00873545,0.0243239
100,105,45,50,27.0595,23.9617,27.065,18.4971,27.1222,0.360776,-0.826146,0.0142344,0.0215308
100,105,50,55,26.6439,23.8224,27.605,19.6995,26.6113,0.162027,-0.684464,0.0216607,0.0147515
100,105,55,60,26.2295,23.0327,27.9733,19.319,26.2603,0.136872,-0.548761,0.0235632,0.00901542
100,105,60,65,26.0433,23.1935,27.7534,19.9198,26.1293,0.292855,-0.442985,0.00964333,0.00436129
100,105,65,70,26.0587,22.976,27.2,18.0657,26.1991,0.614666,-0.455824,-0.0102032,0.00498083
100,105,70,75,26.5846,23.5165,28.8913,19.3565,26.5351,0.947966,-0.532908,-0.0284502,0.00837529
100,105,75,80,26.6846,23.7397,27.8496,19.1182,26.6483,1.16988,-0.64169,-0.0385318,0.0129892
100,105,80,85,26.9508,23.822,27.87,18.7962,26.8069,1.06588,-0.751393,-0.0303304,0.0170458
100,105,85,90,26.7968,23.8747,27.0439,19.451,26.8556,0.695538,-0.778198,-0.0108724,0.0180343
100,105,90,95,26.6924,23.5118,27.3332,18.031,26.7102,0.335007,-0.688546,0.00493838,0.013254
100,105,95,100,26.5598,22.9596,28.1335,17.7056,26.657,0.0736504,-0.631978,0.0125949,0.0119588
100,105,100,105,23.0513,19.8286,32.1917,22.3544,23.1229,-0.0524641,-0.489234,0.0183575,0.00813531
100,105,105,110,16.2195,13.562,33.0096,26.2921,16.2028,-0.171104,-0.328767,0.0141599,0.00592173
100,105,110,115,9.5684,7.46309,40.4559,34.3663,9.61371,-0.21919,-0.204828,0.0106352,0.00520787
100,105,115,120,3.48691,0,71.8443,0,3.49993,-0.182541,-0.0461205,0.00453214,0.00101311
105,110,0,5,28.9293,25.9864,26.1608,18.0512,28.9638,0.195708,-0.972665,0.0313114,0.0248822
105,110,5,10,29.0957,26.0156,27.4853,18.7487,29.1153,-0.168273,-0.818073,0.047546,0.0191873
105,110,10,15,28.7336,25.498,27.0983,17.8573,28.8358,-0.216476,-0.590125,0.0510552,0.00845236
105,110,15,20,28.5761,25.2878,27.0154,18.1336,28.6336,0.00756193,-0.421723,0.0318192,-3.45157e-05
105,110,20,25,28.3203,25.4316,26.503,18.6592,28.4008,0.339144,-0.360909,0.00461381,-0.00319313
105,110,25,30,28.4012,25.2701,27.1679,18.7617,28.5033,0.730837,-0.479988,-0.0220162,0.00297171
105,110,30,35,28.4898,25.3749,27.3868,18.8709,28.6057,0.958874,-0.669955,-0.0328679,0.0118866
105,110,35,40,28.5931,25.3824,27.2696,18.1146,28.6342,0.9044,-0.809048,-0.025976,0.0180242
105,110,40,45,28.5019,25.6576,26.9013,19.6014,28.6034,0.690347,-0.880521,-0.00665455,0.0212695
105,110,45,50,28.3263,25.1229,27.364,18.6891,28.3612,0.327002,-0.825575,0.0184439,0.0188491
105,110,50,55,27.7195,24.867,26.7256,19.2007,27.7284,0.108859,-0.668259,0.0261866,0.0120855
105,110,55,60,27.1803,24.2901,26.6211,18.9134,27.3123,0.0612979,-0.584705,0.0261164,0.00885311
105,110,60,65,27.0203,23.9626,27.5809,18.9864,27.0225,0.191842,-0.488267,0.0129834,0.00369548
105,110,65,70,26.6081,23.4981,27.4753,18.3168,26.7499,0.562592,-0.510615,-0.00781868,0.00546172
105,110,70,75,26.6358,23.5658,27.7758,19.1746,26.7064,0.904998,-0.561152,-0.0238065,0.00835184
105,110,75,80,26.8162,23.9872,27.6358,19.6508,26.9393,1.12443,-0.692923,-0.0333452,0.0146914
105,110,80,85,27.0152,23.6105,28.353,17.8517,27.0356,1.0759,-0.803529,-0.0269712,0.0191828
105,110,85,90,26.9334,24.0789,27.8327,19.5605,26.9225,0.71039,-0.781042,-0.00755227,0.0173369
105,110,90,95,26.9345,23.6944,29.0027,19.0043,26.8954,0.340901,-0.730512,0.00838241,0.0144938
105,110,95,100,26.7736,23.2784,29.5434,18.364,26.7482,0.022785,-0.642713,0.0187096,0.0108221
105,110,100,105,23.0545,19.5286,31.3374,20.6876,23.1347,-0.0673212,-0.514464,0.0196755,0.00885318
105,110,105,110,16.212,13.542,33.8351,27.292,16.2584,-0.229669,-0.360908,0.0199882,0.00718263
105,110,110,115,9.6395,7.45217,40.7005,38.1544,9.65847,-0.234127,-0.20946,0.0110768,0.00493511
105,110,115,120,3.48221,0,71.7579,0,3.49388,-0.175025,-0.0499095,0.0035491,0.00138186
110,115,0,5,29.1246,25.9003,27.0054,18.0038,29.163,0.146403,-0.998792,0.0344515,0.024708
110,115,5,10,28.9572,25.5103,27.2851,17.606,29.0422,-0.335669,-0.78182,0.0594111,0.0162163
110,115,10,15,28.7587,26.0617,26.2376,19.5928,28.7327,-0.304119,-0.528113,0.058357,0.0040893
110,115,15,20,28.5341,25.3123,27.7766,18.8563,28.6555,-0.14457,-0.423737,0.042586,-0.000386371
110,115,20,25,28.3172,25.1909,27.3091,18.1242,28.3946,0.286706,-0.346522,0.00877574,-0.0035708
110,115,25,30,28.3557,25.0536,27.2855,17.6879,28.4891,0.722892,-0.460868,-0.0187573,0.00159599
110,115,30,35,28.5775,25.2795,27.4709,18.5518,28.7313,1.00242,-0.648545,-0.0338665,0.0101794
110,115,35,40,28.7374,25.6343,26.305,17.6567,28.9644,0.889992,-0.810178,-0.0203709,0.0169749
110,115,40,45,29.1987,25.9808,27.0706,18.0046,29.2862,0.652889,-0.920761,-0.000649324,0.0214898
110,115,45,50,29.2294,26.171,26.1204,18.2057,29.236,0.251141,-0.869003,0.026477,0.0188848
110,115,50,55,28.8157,25.6313,27.1704,18.0652,28.9352,-0.0748357,-0.722099,0.0403851,0.0118222
110,115,55,60,28.3767,25.3408,27.3938,18.7469,28.4808,-0.130098,-0.571559,0.0369982,0.00523632
110,115,60,65,27.7241,24.742,26.7432,18.7288,27.8847,0.0567803,-0.455247,0.0183809,0.000953119
110,115,65,70,26.9291,24.0283,27.0353,18.8597,27.1923,0.419234,-0.496235,-0.00565825,0.00450442
110,115,70,75,26.551,23.4732,27.6927,18.6778,26.8255,0.702921,-0.569484,-0.0170432,0.00790591
110,115,75,80,26.4107,23.2798,28.3767,19.2561,26.5442,0.961592,-0.65143,-0.0264426,0.0120094
110,115,80,85,26.4772,23.459,28.1579,19.4191,26.618,0.932414,-0.787255,-0.0173795,0.01857
110,115,85,90,26.9665,23.8843,28.304,18.9389,27.0413,0.631127,-0.805018,0.000536695,0.0179459
110,115,90,95,27.1255,23.7745,28.2158,19.0925,27.1429,0.370104,-0.742837,0.00902752,0.0149287
110,115,95,100,26.811,23.3007,29.0343,18.7215,26.9597,0.0219003,-0.657102,0.0219125,0.0110345
110,115,100,105,23.1442,19.7436,31.7683,22.7135,23.1815,-0.115909,-0.49125,0.0238061,0.00635777
110,115,105,110,16.023,13.3683,33.2442,23.3099,16.11,-0.217072,-0.322579,0.0190941,0.00472366
110,115,110,115,9.6972,7.5788,40.7814,27.8035,9.70856,-0.229752,-0.21575,0.0109205,0.00489464
110,115,115,120,3.47541,0,72.2306,0,3.53143,-0.18315,-0.0547181,0.0042064,0.00139256
115,120,0,5,28.9433,25.9236,26.7869,18.1402,29.0477,0.0530988,-0.93649,0.0421258,0.0210633
115,120,5,10,28.8866,25.8207,27.1963,18.46,28.9696,-0.367142,-0.749531,0.0632677,0.0138964
115,120,10,15,28.6459,25.6824,27.0406,18.7214,28.8003,-0.404508,-0.519357,0.0668813,0.0032894
115,120,15,20,28.3381,25.3718,26.7075,18.4727,28.5251,-0.158978,-0.389936,0.0430819,-0.00212468
115,120,20,25,28.3044,25.1897,27.097,18.3742,28.4018,0.193115,-0.358664,0.0153426,-0.00319131
115,120,25,30,28.3083,25.2085,27.3322,18.9318,28.4995,0.64653,-0.442049,-0.014089,0.000405099
115,120,30,35,28.5081,25.466,26.9394,18.3643,28.7345,0.926781,-0.640166,-0.0281023,0.00860583
115,120,35,40,28.9742,26.0055,26.6723,18.9151,29.0575,0.886159,-0.810504,-0.0207135,0.0161041
115,120,40,45,29.2568,25.9755,27.4634,17.8012,29.4803,0.600849,-0.966807,0.00536747,0.0229839
115,120,45,50,29.3531,26.0825,27.0329,18.2979,29.5009,0.216483,-0.881429,0.0317792,0.017903
115,120,50,55,29.1596,25.8402,27.645,17.9704,29.1461,-0.112562,-0.76402,0.0451183,0.0132123
115,120,55,60,28.6922,22.2771,27.4149,55.6308,28.7303,-0.21719,-0.567402,0.0463533,0.00474542
115,120,60,65,28.3298,25.409,27.1522,19.1632,28.4038,0.0588911,-0.458898,0.0232623,0.000627363
115,120,65,70,28.0147,24.7879,26.7699,17.9456,28.2214,0.455612,-0.524666,-0.00162346,0.00494951
115,120,70,75,27.5134,24.3592,27.4746,18.7428,27.7849,0.846258,-0.583967,-0.0198459,0.00856116
115,120,75,80,26.7701,23.7525,28.1358,19.4966,27.0554,1.05456,-0.695927,-0.0286137,0.0142311
115,120,80,85,26.1173,23.1048,28.4992,19.7599,26.2592,0.992075,-0.818415,-0.021626,0.0195817
115,120,85,90,25.7312,22.8916,28.5539,20.1666,25.9498,0.613284,-0.790709,0.00164376,0.0180371
115,120,90,95,26.1264,23.102,27.7034,19.3688,26.2951,0.304794,-0.70479,0.0177264,0.0132281
115,120,95,100,26.8384,23.1781,29.2088,18.5165,26.8881,0.0553591,-0.621852,0.0225167,0.00914304
115,120,100,105,23.3426,19.9061,31.8162,21.9525,23.3992,-0.0914315,-0.504973,0.0225138,0.00716363
115,120,105,110,16.2252,13.923,34.7044,28.4453,16.2106,-0.17432,-0.336313,0.0163412,0.00525543
115,120,110,115,9.515,7.69916,40.3264,43.6607,9.62196,-0.233324,-0.215754,0.0108503,0.00512618
115,120,115,120,3.47333,1.25583,72.2945,141.857,3.51527,-0.176067,-0.0514998,0.00352937,0.0012279
120,125,0,5,29.0607,25.8557,27.0933,17.7443,29.0845,0.0464032,-0.950469,0.0431879,0.0209845
120,125,5,10,28.9885,25.8973,26.3287,18.1272,29.1079,-0.411879,-0.774458,0.0661475,0.0144033
120,125,10,15,28.7949,25.6,27.42,18.3221,28.8426,-0.440613,-0.543953,0.066615,0.00432355
120,125,15,20,28.4642,25.4486,26.9046,18.708,28.6333,-0.232557,-0.383794,0.0484564,-0.00327315
120,125,20,25,28.2776,25.1301,26.8592,18.684,28.4394,0.156647,-0.377982,0.0183142,-0.0026871
120,125,25,30,28.4427,25.4865,27.1275,18.9234,28.5818,0.662347,-0.467103,-0.014592,0.00121797
120,125,30,35,28.5663,25.4572,26.8183,17.935,28.8161,0.92144,-0.657233,-0.0267918,0.0093372
120,125,35,40,28.9531,25.6595,27.3106,17.8534,29.0758,0.849434,-0.807842,-0.0156093,0.0154946
120,125,40,45,29.245,26.0712,27.1239,18.2635,29.4434,0.580566,-0.951792,0.00764048,0.0216155
120,125,45,50,29.3288,26.1227,27.541,18.1883,29.4311,0.189862,-0.860519,0.0327141,0.0161521
120,125,50,55,29.0722,25.9861,27.1055,19.1637,29.1507,-0.171577,-0.720701,0.049927,0.0103366
120,125,55,60,28.7167,25.5053,26.8894,18.0785,28.8252,-0.228319,-0.569697,0.0466497,0.00396775
120,125,60,65,28.4465,25.2779,27.4219,18.6376,28.6248,0.0547216,-0.4571,0.0242891,-0.000243388
120,125,65,70,28.2528,22.2467,26.7911,21.3422,28.5403,0.54065,-0.470897,-0.00223957,0.00144207
120,125,70,75,28.6158,25.4157,27.4216,18.5983,28.8861,0.978679,-0.61652,-0.0197152,0.00922237
120,125,75,80,28.7159,25.5728,26.9884,18.3487,29.0571,1.30643,-0.724348,-0.0335913,0.0131107
120,125,80,85,28.6704,25.3775,28.0477,18.3223,28.9377,1.1837,-0.859626,-0.023864,0.0187552
120,125,85,90,28.0998,25.0049,27.8533,19.3439,28.3079,0.770045,-0.836977,-0.0048828,0.0175655
120,125,90,95,27.0771,24.0485,27.7417,19.694,27.2649,0.371456,-0.747549,0.0120601,0.0144163
120,125,95,100,26.6891,23.2679,28.5255,18.7994,26.8752,0.106995,-0.670216,0.0221599,0.0110115
120,125,100,105,23.2272,19.87,31.6141,21.639,23.4826,0.0728587,-0.545804,0.0148573,0.00837747
120,125,105,110,16.2218,13.6421,33.9257,27.3702,16.3159,-0.180095,-0.32216,0.0165736,0.0045152
120,125,110,115,9.5654,7.54727,40.5628,31.6559,9.6358,-0.216014,-0.20054,0.00959653,0.00406809
120,125,115,120,3.45756,0,72.1211,0,3.53098,-0.182431,-0.0499782,0.00399508,0.00100005
125,130,0,5,29.0363,25.999,26.0458,18.1449,29.0001,0.0149656,-0.937276,0.044228,0.0198906
125,130,5,10,28.8521,25.7462,27.0828,18.1962,28.8819,-0.467097,-0.75223,0.0703035,0.0137986
125,130,10,15,28.5954,25.7048,25.8623,18.1296,28.6852,-0.540996,-0.519983,0.0749077,0.00292767
125,130,15,20,28.2979,25.3758,27.0499,18.3355,28.489,-0.252031,-0.389267,0.0496577,-0.00296018
125,130,20,25,28.2019,25.4185,26.8762,19.1458,28.2978,0.127124,-0.361345,0.0190467,-0.00323883
125,130,25,30,28.0984,25.1124,27.2421,18.0021,28.3601,0.65913,-0.4441,-0.0153264,0.000413348
125,130,30,35,28.6122,25.4275,27.4799,17.7808,28.755,0.901575,-0.637241,-0.0249375,0.00760011
125,130,35,40,28.7209,25.9683,25.9219,18.4501,28.9798,0.796092,-0.81786,-0.0122468,0.0154277
125,130,40,45,29.2515,26.1073,27.0237,17.8434,29.3638,0.580999,-0.924246,0.00765605,0.0192342
125,130,45,50,29.1186,26.0076,26.9185,17.642,29.3455,0.140642,-0.836509,0.0378593,0.0145284
125,130,50,55,29.0455,25.9692,26.8555,18.1179,29.114,-0.215385,-0.729717,0.0541425,0.0101231
125,130,55,60,28.6404,25.6315,26.7046,18.589,28.6716,-0.246333,-0.544456,0.049,0.00256065
125,130,60,65,28.2273,25.3164,26.1679,18.181,28.4663,0.0702906,-0.431614,0.0244769,-0.00161911
125,130,65,70,28.2691,25.0849,26.6798,17.9941,28.5912,0.567031,-0.50755,-0.00328159,0.00265866
125,130,70,75,28.44,25.3063,27.0868,18.319,28.8095,1.04133,-0.593345,-0.0224043,0.00709917
125,130,75,80,28.9114,25.9576,27.2857,18.5823,29.1747,1.32016,-0.722533,-0.0314373,0.0126848
125,130,80,85,29.2357,26.0027,26.5596,17.1764,29.5209,1.26199,-0.904693,-0.025006,0.0200831
125,130,85,90,29.5189,26.2423,26.8343,18.029,29.7336,0.784298,-0.914841,-0.00158469,0.0197258
125,130,90,95,29.4391,26.1033,27.0256,17.5053,29.6192,0.407069,-0.794907,0.0118138,0.0137048
125,130,95,100,29.3001,26.1366,27.2873,18.1933,29.4248,0.0438355,-0.707728,0.0223347,0.0100632
125,130,100,105,25.1728,21.8184,30.976,21.2066,25.2441,-0.131158,-0.562586,0.0246906,0.00756856
125,130,105,110,17.2332,14.6704,32.981,26.3459,17.297,-0.176662,-0.362144,0.0162506,0.00554181
125,130,110,115,10.1707,8.45116,39.9865,40.8351,10.1786,-0.233217,-0.232014,0.00991148,0.00511052
125,130,115,120,3.54781,0,72.402,0,3.57517,-0.176,-0.0556065,0.00289242,0.00140437
